-- phpMyAdmin SQL Dump
-- version 5.2.1
-- https://www.phpmyadmin.net/
--
-- Host: 127.0.0.1
-- Generation Time: Jul 15, 2024 at 09:15 AM
-- Server version: 10.4.32-MariaDB
-- PHP Version: 8.2.12

SET SQL_MODE = "NO_AUTO_VALUE_ON_ZERO";
START TRANSACTION;
SET time_zone = "+00:00";


/*!40101 SET @OLD_CHARACTER_SET_CLIENT=@@CHARACTER_SET_CLIENT */;
/*!40101 SET @OLD_CHARACTER_SET_RESULTS=@@CHARACTER_SET_RESULTS */;
/*!40101 SET @OLD_COLLATION_CONNECTION=@@COLLATION_CONNECTION */;
/*!40101 SET NAMES utf8mb4 */;

--
-- Database: `epharmacy`
--
CREATE DATABASE IF NOT EXISTS `epharmacy` DEFAULT CHARACTER SET utf8mb4 COLLATE utf8mb4_general_ci;
USE `epharmacy`;

-- --------------------------------------------------------

--
-- Table structure for table `addresses`
--

CREATE TABLE `addresses` (
  `id` bigint(20) UNSIGNED NOT NULL,
  `name` varchar(255) NOT NULL,
  `description` text DEFAULT NULL,
  `city` enum('Abyan','Aden','Amran','Al-Bayda','Dhamar','Hadramaut','Hajjah','Al-Hudaydah','Ibb','Al-Jawf','Lahij','Mrib','Al-Mahrah','Al-Mahwit','Raymah','Sadah','Shabwah','Sanaa','Taiz') NOT NULL,
  `address_link` varchar(255) DEFAULT NULL,
  `user_id` bigint(20) UNSIGNED NOT NULL,
  `created_at` timestamp NULL DEFAULT NULL,
  `updated_at` timestamp NULL DEFAULT NULL
) ENGINE=InnoDB DEFAULT CHARSET=utf8mb4 COLLATE=utf8mb4_unicode_ci;

--
-- Dumping data for table `addresses`
--

INSERT INTO `addresses` (`id`, `name`, `description`, `city`, `address_link`, `user_id`, `created_at`, `updated_at`) VALUES
(1, 'البيت', 'فندق بانوراما غرفة 812', 'Sanaa', '15.344264874440396,44.18562233448029', 15, '2024-07-08 19:45:18', '2024-07-08 19:45:18'),
(2, 'عنوان العمل', 'جامعة صنعاء كلية الزراعة', 'Sanaa', '15.365949777379315,404.18099284172064', 15, '2024-07-08 19:49:47', '2024-07-08 19:49:47'),
(3, 'عنوان المنزل الرئيسي', 'امام مسجد الخيرات', 'Sanaa', '15.362085767207699,404.2114573717118', 19, '2024-07-08 20:02:03', '2024-07-08 20:02:03'),
(4, 'البيت', 'بجانب بقالة الوادي', 'Sanaa', '15.405423751053997,404.2082387208939', 16, '2024-07-08 20:04:27', '2024-07-08 20:04:27'),
(5, 'عنوان عملي', 'محلات برج السبعين في شارع الستين', 'Sanaa', '15.319426893308904,404.1993606090547', 14, '2024-07-08 20:06:46', '2024-07-08 20:06:46'),
(6, 'عنوان البيت', 'امام فلافل المعلم شارع القاهرة', 'Sanaa', '15.369948202472669,404.19685542583466', 14, '2024-07-08 20:09:12', '2024-07-08 20:09:12'),
(7, 'المنزل', 'فندق تاج حضرموت في شارع تعز', 'Sanaa', '15.34191105787084,404.21874761581427', 11, '2024-07-08 20:11:35', '2024-07-08 20:11:35'),
(8, 'عنوان1', 'في محطة وهاس شارع الستين', 'Sanaa', '15.364966970337175,764.1736704111102', 12, '2024-07-08 20:13:47', '2024-07-08 20:13:47'),
(9, 'المنزل', 'المنزل في شارع جيبوتي امام مدارس الانفال', 'Sanaa', '15.329080997968102,764.1922742128373', 13, '2024-07-08 20:15:37', '2024-07-08 20:15:37'),
(10, 'العمل', 'محلات عزام للالكترونيات', 'Sanaa', '15.334885662983293,404.2091399431229', 17, '2024-07-08 20:19:19', '2024-07-08 20:19:19'),
(11, 'العمل', 'سوبر ماركت ركن الجراف في شارع المطار', 'Sanaa', '15.400350275114487,404.2131632566453', 18, '2024-07-08 20:21:34', '2024-07-08 20:21:34'),
(12, 'عنوان عمل (المدرسة)', 'مدارس التقنية الاهلية المجاورة لمستشفى الامل التخصصي و القؤيبة من شارع الصحة', 'Sanaa', '15.380960285866475,404.2029225826264', 20, '2024-07-08 20:24:27', '2024-07-08 20:24:27'),
(13, 'عنوان العمل (الخاص)', 'مكتبة القلم الذهبي في طقاطع شارع الرباط و شارع 16', 'Sanaa', '15.36030116002749,404.17897582054144', 20, '2024-07-08 20:30:59', '2024-07-08 20:30:59');

-- --------------------------------------------------------

--
-- Table structure for table `alternative_products`
--

CREATE TABLE `alternative_products` (
  `id` bigint(20) UNSIGNED NOT NULL,
  `product_id` bigint(20) UNSIGNED NOT NULL,
  `alternativ_product_id` bigint(20) UNSIGNED NOT NULL,
  `created_at` timestamp NULL DEFAULT NULL,
  `updated_at` timestamp NULL DEFAULT NULL
) ENGINE=InnoDB DEFAULT CHARSET=utf8mb4 COLLATE=utf8mb4_unicode_ci;

--
-- Dumping data for table `alternative_products`
--

INSERT INTO `alternative_products` (`id`, `product_id`, `alternativ_product_id`, `created_at`, `updated_at`) VALUES
(1, 8, 20, '2024-07-08 17:06:34', '2024-07-08 17:06:34'),
(2, 8, 53, '2024-07-08 17:06:56', '2024-07-08 17:06:56'),
(3, 12, 54, '2024-07-08 17:07:28', '2024-07-08 17:07:28'),
(4, 14, 55, '2024-07-08 17:08:04', '2024-07-08 17:08:04'),
(5, 14, 56, '2024-07-08 17:08:50', '2024-07-08 17:08:50'),
(6, 15, 57, '2024-07-08 17:09:29', '2024-07-08 17:09:29'),
(7, 15, 58, '2024-07-08 17:09:50', '2024-07-08 17:09:50'),
(8, 18, 59, '2024-07-08 17:10:12', '2024-07-08 17:10:12'),
(9, 21, 60, '2024-07-08 17:11:25', '2024-07-08 17:11:25'),
(10, 21, 61, '2024-07-08 17:11:51', '2024-07-08 17:11:51'),
(11, 25, 62, '2024-07-08 17:12:34', '2024-07-08 17:12:34'),
(12, 34, 63, '2024-07-08 17:13:01', '2024-07-08 17:13:01'),
(13, 34, 64, '2024-07-08 17:13:43', '2024-07-08 17:13:43'),
(14, 41, 65, '2024-07-08 17:14:41', '2024-07-08 17:14:41'),
(15, 41, 66, '2024-07-08 17:15:05', '2024-07-08 17:15:05'),
(16, 46, 67, '2024-07-08 17:16:10', '2024-07-08 17:16:10'),
(17, 49, 68, '2024-07-08 17:17:24', '2024-07-08 17:17:24'),
(18, 49, 69, '2024-07-08 17:17:44', '2024-07-08 17:17:44');

-- --------------------------------------------------------

--
-- Table structure for table `articles`
--

CREATE TABLE `articles` (
  `id` bigint(20) UNSIGNED NOT NULL,
  `title` varchar(255) NOT NULL,
  `content` text NOT NULL,
  `image` varchar(255) DEFAULT NULL,
  `user_id` bigint(20) UNSIGNED NOT NULL,
  `created_at` timestamp NULL DEFAULT NULL,
  `updated_at` timestamp NULL DEFAULT NULL
) ENGINE=InnoDB DEFAULT CHARSET=utf8mb4 COLLATE=utf8mb4_unicode_ci;

--
-- Dumping data for table `articles`
--

INSERT INTO `articles` (`id`, `title`, `content`, `image`, `user_id`, `created_at`, `updated_at`) VALUES
(1, 'التغذية والمكملات الغذائية', 'في عصرنا الحالي المليء بالتحديات الصحية والروتين اليومي المتسارع، أصبحت التغذية الصحيحة واحدة من أساسيات الحفاظ على صحة الإنسان ورفاهيته. تعد التغذية السليمة عنصراً أساسياً للحياة الصحية، حيث تؤثر بشكل كبير على كل جوانب الحياة، بدءًا من النمو والتطور البدني والعقلي، وصولاً إلى مقاومة الأمراض وتعزيز جودة الحياة بشكل عام.\n\n### فوائد التغذية الصحيحة والمكملات الغذائية\n\nتتيح التغذية الصحيحة للفرد الحصول على العناصر الغذائية الأساسية التي يحتاجها جسمه للوظائف الحيوية كالنمو والتجدد الخلوي، ودعم جهاز المناعة، وتحسين الأداء الذهني والجسدي. بالإضافة إلى ذلك، تساهم المكملات الغذائية في سد النقص الغذائي الذي قد يعاني منه الأفراد نتيجة لنمط الحياة السريع أو اختيارات النظام الغذائي. وتتيح الصيدليات الإلكترونية الوصول السهل إلى مجموعة واسعة من المكملات الغذائية التي يمكن أن تساعد في تحسين الصحة العامة والوقاية من الأمراض، بما يتماشى مع احتياجات كل شخص بشكل فردي.', 'articles_images/01J2RVT6X8F6FFKX6PCVPNYSJJ.webp', 2, '2024-07-06 10:05:25', '2024-07-14 11:54:39'),
(2, 'الصحة النفسية والمنتجات الدوائية المتاحة', 'في عالم يتسم بالضغوطات والتحديات اليومية، أصبحت الصحة النفسية محوراً أساسياً لرفاهية الفرد وجودته للحياة. تعتبر الصحة النفسية جزءاً لا يتجزأ من الصحة العامة، حيث تؤثر بشكل كبير على النمو الشخصي والاجتماعي، وعلى القدرة على التكيف مع التحديات والضغوطات المحيطة. في هذا السياق، تلعب المنتجات الدوائية المتاحة، مثل مهدئات الأعصاب والمكملات العشبية، دوراً مهماً في دعم وتعزيز الصحة النفسية، بما يساعد الأفراد على إدارة الضغوط اليومية وتحسين جودة حياتهم النفسية.\n\n### فوائد الصحة النفسية والمنتجات الدوائية المتاحة\n\nتقدم المنتجات الدوائية المتاحة في الصيدليات الإلكترونية خيارات متنوعة لدعم الصحة النفسية، مثل مهدئات الأعصاب التي تساعد في تقليل القلق والتوتر، والمكملات العشبية التي قد تساعد في تحسين المزاج والنوم. تعتبر هذه المنتجات بديلاً آمناً وفعالاً للأفراد الذين يبحثون عن حلول طبيعية لمشاكلهم النفسية دون اللجوء إلى الأدوية القوية التي قد تحمل آثاراً جانبية غير مرغوب فيها. بفضل الوصول السهل والمريح إلى هذه المنتجات عبر الإنترنت، يمكن للأفراد الاستفادة منها بطريقة تتناسب مع احتياجاتهم الفردية وتفضيلاتهم.', 'articles_images/01J2RW3X1C2MWQ68DH0QQMGTG5.jpg', 2, '2024-07-06 10:22:29', '2024-07-14 11:59:56'),
(3, 'التوعية بالمضادات الحيوية واستخدامها الآمن', 'تعد المضادات الحيوية إنجازاً طبياً هاماً في مجال الطب الحديث، حيث تساهم في مكافحة العدوى البكتيرية التي قد تكون خطيرة على صحة الإنسان. ومع ذلك، فإن استخدام المضادات الحيوية بشكل غير صحيح أو غير مدروس قد يؤدي إلى تعزيز مقاومة البكتيريا لهذه الأدوية، مما يعرض الفرد والمجتمع بأسره لمخاطر صحية جديدة. لذا، من الضروري توعية الناس بأهمية استخدام المضادات الحيوية بشكل آمن وفقاً للتوجيهات الطبية الموصى بها.\n\n### فوائد التوعية بالمضادات الحيوية واستخدامها الآمن\n\nتساعد التوعية بالمضادات الحيوية واستخدامها الآمن في تقديم التوجيهات اللازمة للأفراد حول كيفية استخدام المضادات الحيوية بشكل فعال وآمن، وتجنب الاستخدام الزائد أو الغير مدروس الذي قد يؤدي إلى مشاكل صحية خطيرة. كما تساعد هذه الحملات التوعوية في تعزيز الوعي بأهمية الالتزام بتعليمات الأطباء والصيادلة، وضرورة إكمال دورة العلاج بالمضادات الحيوية حتى النهاية، حتى يتم القضاء على البكتيريا بشكل كامل وتقليل فرص تطوير المقاومة للمضادات الحيوية.', 'articles_images/01J2RVZ9YVC7VKCNF8M8ER98F5.jpg', 2, '2024-07-06 10:35:51', '2024-07-14 11:57:25'),
(4, 'التكنولوجيا والصيدلة الرقمية', 'شهدت الصيدلة تحولاً جذرياً بفضل التكنولوجيا الرقمية، حيث أصبحت الخدمات الصيدلانية الإلكترونية أكثر تطوراً وفعالية من أي وقت مضى. مع تقدم التطبيقات الصحية والذكاء الاصطناعي، أصبح من الممكن تحسين تقديم الخدمات الصيدلانية، تسهيل الوصول إلى الأدوية وتحسين إدارة الدواء، وتعزيز التواصل بين الصيدلي والمريض بشكل مباشر وفعال.\n\n### فوائد التكنولوجيا والصيدلة الرقمية\n\nتعزز التكنولوجيا مثل التطبيقات الصحية والذكاء الاصطناعي الصيدلة الرقمية بعدة فوائد، منها تسهيل عمليات الصيدلية مثل تحديد التفاعلات الدوائية وتحسين إدارة الأدوية المتعددة، وزيادة الالتزام بالعلاج عن طريق تذكير المرضى بالجرعات والمواعيد، وتوفير بيانات دقيقة للصيدليات الإلكترونية لتقديم الرعاية الصحية الشخصية والمبنية على الأدلة.', 'articles_images/01J2RVZ5GKBD2S4HY0PDFRA2M2.webp', 2, '2024-07-06 10:36:28', '2024-07-14 11:57:21'),
(5, 'الرياضة واللياقة البدنية', 'تعد الرياضة واللياقة البدنية جزءاً أساسياً من نمط حياة صحي، وتساهم في تعزيز الصحة العامة وتحسين الأداء البدني. مع تطور التكنولوجيا والبحوث العلمية، أصبح من الممكن تحسين تجربة الرياضيين وتعزيز أدائهم وتعافيهم من خلال استخدام المكملات الغذائية المناسبة والمنتجات الصيدلانية التي تدعم الصحة العامة وتعزز الأداء الرياضي.\n\n### فوائد الرياضة واللياقة البدنية والمكملات الغذائية والمنتجات الصيدلانية\n\nتقدم المكملات الغذائية والمنتجات الصيدلانية المناسبة للرياضيين عدة فوائد، منها زيادة قدرة الجسم على التحمل والأداء البدني، وتحسين عملية التعافي بعد التمرينات الشاقة، وتقليل مخاطر الإصابات الرياضية. كما تساهم هذه المنتجات في تعزيز النظام المناعي، وتوفير الغذاء اللازم للعضلات، مما يساعد الرياضيين على الحفاظ على صحتهم والوصول إلى أفضل مستوياتهم البدنية.', 'articles_images/01J2RVZ1318Q0G7NVKMDB12QDD.jpg', 2, '2024-07-06 10:37:05', '2024-07-14 11:57:16'),
(6, 'الرعاية الصحية لكبار السن', 'مع تزايد عدد كبار السن في مجتمعاتنا، أصبحت الرعاية الصحية لهم أمراً لا غنى عنه لضمان حياة صحية ومريحة. يعاني كثيرون من كبار السن من عدة حالات صحية مزمنة تتطلب إدارة دقيقة للأدوية. تلعب الصيدليات الإلكترونية دوراً بارزاً في تقديم الدعم اللازم لكبار السن في إدارة أدويتهم والحفاظ على صحتهم بشكل شامل.\n\n### فوائد الرعاية الصحية لكبار السن ودور الصيدليات الإلكترونية\n\nيقدم الدعم الصيدلي لكبار السن في الصيدليات الإلكترونية عدة فوائد، منها توفير الراحة والسهولة في تعبئة وتسليم الوصفات الطبية، وتوفير المشورة المتخصصة حول الأدوية والتفاعلات الدوائية المحتملة، وتقديم نصائح حول كيفية تناول الأدوية بشكل صحيح. كما تعزز الصيدليات الإلكترونية التواصل بين الكبار ومقدمي الرعاية الصحية، مما يساهم في تحسين الامتثال للعلاجات وتحسين جودة الحياة بشكل عام.', 'articles_images/01J2RWXYZSF7B84MVB6K8SHHGM.png', 2, '2024-07-06 10:37:33', '2024-07-14 12:14:10'),
(7, 'التسوق الذكي في الصيدلية الإلكترونية', 'مع التطور المتسارع في التكنولوجيا، أصبح التسوق في الصيدليات الإلكترونية خياراً مريحاً وفعالاً للكثيرين. يمكن للأفراد اليوم الحصول على الأدوية والمنتجات الصحية بسهولة من خلال الإنترنت، مما يسهم في تحقيق التسوق الذكي والحصول على أقصى استفادة من الخدمات الصيدلانية الإلكترونية.\n\n### فوائد التسوق الذكي في الصيدلية الإلكترونية\n\nيتيح التسوق الذكي في الصيدلية الإلكترونية عدة فوائد، منها الراحة والوصول السهل إلى مجموعة واسعة من المنتجات الصحية دون الحاجة إلى الذهاب إلى الصيدلية الفعلية. كما يمكن للمستخدمين مقارنة الأسعار وقراءة التقييمات والآراء للمنتجات، مما يساعدهم على اتخاذ قرارات مدروسة ومبنية على المعلومات. بالإضافة إلى ذلك، يتيح التسوق الإلكتروني للمرضى المزيد من الخصوصية والسرية في شراء الأدوية التي قد تكون حساسة أو خاصة.', 'articles_images/01J2S1F92ZFJQ3FW58YYE6QYB8.jpg', 2, '2024-07-06 10:38:04', '2024-07-14 13:33:32'),
(8, 'الإسعافات الأولية المنزلية والمنتجات الصيدلانية الضرورية', 'تعد الإسعافات الأولية المنزلية جزءاً حيوياً من التحضيرات الطبية التي يجب أن يتمتع بها كل منزل. في حالات الطوارئ المنزلية مثل الحوادث البسيطة، الإصابات، أو الحالات الطبية المفاجئة، يمكن أن تكون المنتجات الصيدلانية الضرورية مفتاحاً في توفير الرعاية الفورية والمساعدة في التخفيف من حدة الحالة قبل وصول الرعاية الطبية الاحترافية.\n\n### فوائد الإسعافات الأولية المنزلية والمنتجات الصيدلانية الضرورية\n\nتقدم الإسعافات الأولية المنزلية والمنتجات الصيدلانية الضرورية عدة فوائد، منها توفير الوقت والمجهود في حالات الطوارئ، وتقديم رعاية فعالة وسريعة للإصابات الصغيرة مثل الجروح البسيطة والحروق الخفيفة، وتوفير الأدوية الأساسية مثل المسكنات ومضادات الحساسية التي يمكن أن تكون ضرورية في حالات الطوارئ الصحية المفاجئة. كما تسهم في تقليل القلق والضغط النفسي لدى أفراد الأسرة عند وقوع حوادث أو حالات طبية غير متوقعة.', 'articles_images/01J2RVZMN0B25P03X7TYN1VY8A.jpg', 2, '2024-07-06 10:39:08', '2024-07-14 11:57:36'),
(9, 'التهاب الكبد الفيروسي وطرق الوقاية منه', 'التهاب الكبد الفيروسي هو التهاب يصيب الكبد ناتج عن عدوى فيروسية، ويشمل عدة أنواع رئيسية، منها فيروس الكبد B وفيروس الكبد C. يمكن أن يتسبب التهاب الكبد الفيروسي في أضرار طويلة الأمد للكبد، مثل التليف وسرطان الكبد، وقد يكون له تأثيرات خطيرة على الصحة العامة.\n\nطرق الوقاية من التهاب الكبد الفيروسي:\n1.	التطعيم: يعتبر تطعيم فيروس الكبد B من أهم وسائل الوقاية، حيث يتم تقديمه عادةً في مرحلة الطفولة ويمكن أن يوفر حماية طويلة الأمد ضد العدوى.\n2.	ممارسة السلامة الشخصية: تجنب استخدام الأدوات الشخصية الملوثة مثل شفرات الحلاقة أو فرش الأسنان.\n3.	التفادي من التعرض للدم الملوث: تجنب الاتصال المباشر بالدم أو السوائل الجسدية الملوثة، واتباع إجراءات السلامة في المستشفيات والمرافق الطبية.\n4.	الفحوصات الدورية: إجراء الفحوصات الدورية للفيروسات الكبدية خاصة في حالات الفئة عالية المخاطر، يمكن أن يساعد في الكشف المبكر والعلاج الفعال.', 'articles_images/01J2S2EVNP942XKRJXG69AKZQZ.jpg', 2, '2024-07-14 12:00:56', '2024-07-14 13:50:47'),
(10, 'تخزين الأدوية والحفاظ عليها', 'تخزين الأدوية بشكل صحيح هو أمر أساسي لضمان فعاليتها وسلامتها مما يجب الاحتفاظ بالأدوية في مكان جاف وبارد \nبعيداً عن أشعة الشمس، ويجب تجنب وضعها في الأماكن الساخنة و من الضروري قراءة التعليمات الموجودة على عبوة \nالدواء لتجنب أي تعارضات أو شروط خاصة بالتخزين. \n\n نصائح لتخزين الأدوية بشكل صحيح:\n1.	حفظ الأدوية في مكان جاف.\n2.	تجنب الحرارة المرتفعة.\n3.	حفظها الادوية بعيداً أشعة الشمس.\n4.	عدم تترك الأدوية في السيارة.\n5.	التأكد من إغلاق عبوات الادوية بإحكام.\n6.	المحافظة على الأدوية بعيداً عن متناول الأطفال.\n7.	التخلص من الأدوية منتهية الصلاحية.', 'articles_images/01J2RW7HRVT63VVTR9HQ2N0JSY.webp', 2, '2024-07-14 12:01:56', '2024-07-14 12:01:56'),
(11, 'التكنولوجيا القابلة للارتداء', 'التكنولوجيا القابلة للارتداء تشير إلى الأجهزة الإلكترونية التي يمكن ارتداؤها كملحقات شخصية، مثل الساعات الذكية، ونظارات الواقع المعزز، والأساور الذكية.\nو لقد أحدثت هذه التكنولوجيا ثورة في الطريقة التي نتفاعل بها مع التكنولوجيا وتتابع صحة الانسان و الاستفادة من المعلومات.\n\nالفوائد:\n1.	مراقبة الصحة واللياقة البدنية : توفر الأجهزة القابلة للارتداء، مثل الساعات الذكية والأساور، بيانات دقيقة عن النشاط البدني، معدل ضربات القلب، وجودة النوم، مما يساعد في تحسين نمط الحياة واللياقة البدنية.  \n2.	تسهيل الحياة اليومية: يمكن لتقنيات مثل الساعات الذكية أن تعرض الإشعارات، وتتيح الرد على المكالمات، وإدارة المهام اليومية، مما يزيد من فعالية استخدام الوقت ويسهم في التنظيم الشخصي.\n3.	تحسين السلامة: في حالات الطوارئ، يمكن لبعض الأجهزة القابلة للارتداء أن توفر إشارات إنذار وتساعد في تحديد الموقع بدقة، مما يعزز من مستوى الأمان الشخصي.\n4.	تعزيز التجارب الترفيهية: تقدم نظارات الواقع المعزز تجارب ترفيهية وتعليمية غامرة، مما يمكن المستخدمين من الاستمتاع بتجارب تفاعلية جديدة.', 'articles_images/01J2RW9KJESTQ8BTTNX7G3T8HQ.jpg', 2, '2024-07-14 12:03:03', '2024-07-14 12:03:03');

-- --------------------------------------------------------

--
-- Table structure for table `categories`
--

CREATE TABLE `categories` (
  `id` bigint(20) UNSIGNED NOT NULL,
  `name` varchar(255) NOT NULL,
  `description` text DEFAULT NULL,
  `parent_id` bigint(20) UNSIGNED DEFAULT NULL,
  `status` tinyint(1) NOT NULL DEFAULT 1,
  `created_at` timestamp NULL DEFAULT NULL,
  `updated_at` timestamp NULL DEFAULT NULL
) ENGINE=InnoDB DEFAULT CHARSET=utf8mb4 COLLATE=utf8mb4_unicode_ci;

--
-- Dumping data for table `categories`
--

INSERT INTO `categories` (`id`, `name`, `description`, `parent_id`, `status`, `created_at`, `updated_at`) VALUES
(1, 'Medicines - أدوية', 'منتجات طبية تستخدم لعلاج الأمراض وتخفيف الأعراض والوقاية من الحالات الصحية المختلفة. تشمل هذه الفئة مجموعة متنوعة من المنتجات مثل الحبوب، الشراب، الحقن، والكريمات. تهدف الأدوية إلى تحسين الصحة العامة والشفاء من الأمراض، وتتنوع لتلبية احتياجات مختلف الحالات الصحية، بما في ذلك الأمراض المزمنة والالتهابات والحالات الحادة.', NULL, 1, '2024-07-02 07:11:53', '2024-07-02 07:11:53'),
(2, 'General Medicines - أدوية عامة', 'أدوية عامة بدون وصفة طبية', 1, 1, '2024-07-02 07:18:02', '2024-07-02 07:18:02'),
(3, 'Special Medications - أدوية خاصة', 'أدوية خاصة بالحالات المزمنة تصرف بوصفة طبية', 1, 1, '2024-07-02 07:23:51', '2024-07-02 07:23:51'),
(4, 'Medical Supplies - مستلزمات طبية', 'مجموعة واسعة من الأدوات والأجهزة التي تستخدم في التشخيص والعلاج والعناية بالمرضى. تُستخدم هذه المستلزمات في البيئات الطبية المختلفة مثل المستشفيات، والعيادات، والمنازل.', NULL, 1, '2024-07-02 07:25:34', '2024-07-02 07:25:34'),
(5, 'First aid kits - أدوات الإسعافات الأولية', 'مجموعة متنوعة من المستلزمات الطبية الأساسية التي تستخدم لتقديم الرعاية الفورية في حالات الطوارئ والإصابات.', 4, 1, '2024-07-02 07:32:36', '2024-07-02 07:32:36'),
(6, 'Cosmetics - مستحضرات تجميل', 'منتجات تهتم بالجمال والعناية الشخصية.', NULL, 1, '2024-07-02 07:38:06', '2024-07-02 07:39:20'),
(7, 'Makeup - مكياج', 'منتجات تجميل', 6, 1, '2024-07-02 07:41:31', '2024-07-02 07:41:31'),
(8, 'Personal Care Products - منتجات العناية الشخصية', 'مجموعة متنوعة من المستحضرات التي تهتم بصحة ونظافة الجسم والبشرة.', NULL, 1, '2024-07-02 07:43:10', '2024-07-02 07:43:10'),
(9, 'Pain Killers - مسكنات الألم', 'انواع مختلفة من مسكنات الألم', 2, 1, '2024-07-02 07:45:09', '2024-07-02 07:49:18'),
(10, 'Antibiotics - مضادات الحيوية', 'انواع مختلفة من المضادات الحيوية', 3, 1, '2024-07-02 07:47:35', '2024-07-02 07:47:35');

-- --------------------------------------------------------

--
-- Table structure for table `failed_jobs`
--

CREATE TABLE `failed_jobs` (
  `id` bigint(20) UNSIGNED NOT NULL,
  `uuid` varchar(255) NOT NULL,
  `connection` text NOT NULL,
  `queue` text NOT NULL,
  `payload` longtext NOT NULL,
  `exception` longtext NOT NULL,
  `failed_at` timestamp NOT NULL DEFAULT current_timestamp()
) ENGINE=InnoDB DEFAULT CHARSET=utf8mb4 COLLATE=utf8mb4_unicode_ci;

-- --------------------------------------------------------

--
-- Table structure for table `measruing_units`
--

CREATE TABLE `measruing_units` (
  `id` bigint(20) UNSIGNED NOT NULL,
  `name` varchar(255) NOT NULL,
  `created_at` timestamp NULL DEFAULT NULL,
  `updated_at` timestamp NULL DEFAULT NULL
) ENGINE=InnoDB DEFAULT CHARSET=utf8mb4 COLLATE=utf8mb4_unicode_ci;

--
-- Dumping data for table `measruing_units`
--

INSERT INTO `measruing_units` (`id`, `name`, `created_at`, `updated_at`) VALUES
(1, 'Packet - باكت', '2024-07-06 11:26:56', '2024-07-06 13:56:15'),
(2, 'Box - علبة', '2024-07-06 11:27:05', '2024-07-06 11:27:05'),
(3, 'Bottle - زجاجة', '2024-07-06 11:27:10', '2024-07-06 11:27:10'),
(4, 'Stripe - شريط', '2024-07-06 11:27:18', '2024-07-09 18:51:43'),
(5, 'Piece - قطعة', '2024-07-06 11:27:27', '2024-07-06 11:27:27'),
(6, 'Carton - كرتون', '2024-07-06 11:27:36', '2024-07-06 11:27:36');

-- --------------------------------------------------------

--
-- Table structure for table `migrations`
--

CREATE TABLE `migrations` (
  `id` int(10) UNSIGNED NOT NULL,
  `migration` varchar(255) NOT NULL,
  `batch` int(11) NOT NULL
) ENGINE=InnoDB DEFAULT CHARSET=utf8mb4 COLLATE=utf8mb4_unicode_ci;

--
-- Dumping data for table `migrations`
--

INSERT INTO `migrations` (`id`, `migration`, `batch`) VALUES
(1, '2014_10_12_000000_create_users_table', 1),
(2, '2014_10_12_100000_create_password_reset_tokens_table', 1),
(3, '2014_10_12_200000_add_two_factor_columns_to_users_table', 1),
(4, '2019_08_19_000000_create_failed_jobs_table', 1),
(5, '2019_12_14_000001_create_personal_access_tokens_table', 1),
(6, '2024_03_09_110302_create_sessions_table', 1),
(7, '2024_03_09_182245_create_categories_table', 1),
(8, '2024_03_09_183518_create_products_table', 1),
(9, '2024_03_09_210729_create_alternative_products_table', 1),
(10, '2024_05_06_084852_create_articles_table', 1),
(11, '2024_05_06_085003_create_addresses_table', 1),
(12, '2024_05_06_085223_create_measruing_units_table', 1),
(13, '2024_05_06_085412_create_product_measurement_units_table', 1),
(14, '2024_05_06_085618_create_orders_table', 1),
(15, '2024_05_11_093810_create_vehicle_details_table', 1),
(16, '2024_05_11_200112_laratrust_setup_tables', 1),
(17, '2024_06_14_141016_create_order_items_table', 1),
(18, '2024_07_02_100232_create_permission_tables', 2);

-- --------------------------------------------------------

--
-- Table structure for table `model_has_permissions`
--

CREATE TABLE `model_has_permissions` (
  `permission_id` bigint(20) UNSIGNED NOT NULL,
  `model_type` varchar(255) NOT NULL,
  `model_id` bigint(20) UNSIGNED NOT NULL
) ENGINE=InnoDB DEFAULT CHARSET=utf8mb4 COLLATE=utf8mb4_unicode_ci;

-- --------------------------------------------------------

--
-- Table structure for table `model_has_roles`
--

CREATE TABLE `model_has_roles` (
  `role_id` bigint(20) UNSIGNED NOT NULL,
  `model_type` varchar(255) NOT NULL,
  `model_id` bigint(20) UNSIGNED NOT NULL
) ENGINE=InnoDB DEFAULT CHARSET=utf8mb4 COLLATE=utf8mb4_unicode_ci;

--
-- Dumping data for table `model_has_roles`
--

INSERT INTO `model_has_roles` (`role_id`, `model_type`, `model_id`) VALUES
(1, 'App\\Models\\User', 1),
(1, 'App\\Models\\User', 2),
(1, 'App\\Models\\User', 3),
(2, 'App\\Models\\User', 11),
(2, 'App\\Models\\User', 12),
(2, 'App\\Models\\User', 13),
(2, 'App\\Models\\User', 14),
(2, 'App\\Models\\User', 15),
(2, 'App\\Models\\User', 16),
(2, 'App\\Models\\User', 17),
(2, 'App\\Models\\User', 18),
(2, 'App\\Models\\User', 19),
(2, 'App\\Models\\User', 20),
(2, 'App\\Models\\User', 21),
(3, 'App\\Models\\User', 6),
(3, 'App\\Models\\User', 7),
(3, 'App\\Models\\User', 8),
(3, 'App\\Models\\User', 9),
(3, 'App\\Models\\User', 10),
(4, 'App\\Models\\User', 4),
(4, 'App\\Models\\User', 5);

-- --------------------------------------------------------

--
-- Table structure for table `orders`
--

CREATE TABLE `orders` (
  `id` bigint(20) UNSIGNED NOT NULL,
  `client_id` bigint(20) UNSIGNED NOT NULL,
  `status` enum('New','Processing','Shipped','Delivered','Cancelled') NOT NULL DEFAULT 'New',
  `payment_method` enum('Paiement when recieving','Payment via wallet') NOT NULL DEFAULT 'Paiement when recieving',
  `address_id` bigint(20) UNSIGNED NOT NULL,
  `total_price` decimal(10,2) NOT NULL,
  `delivery_id` bigint(20) UNSIGNED NOT NULL,
  `note` text DEFAULT NULL,
  `deleted_at` timestamp NULL DEFAULT NULL,
  `created_at` timestamp NULL DEFAULT NULL,
  `updated_at` timestamp NULL DEFAULT NULL
) ENGINE=InnoDB DEFAULT CHARSET=utf8mb4 COLLATE=utf8mb4_unicode_ci;

--
-- Dumping data for table `orders`
--

INSERT INTO `orders` (`id`, `client_id`, `status`, `payment_method`, `address_id`, `total_price`, `delivery_id`, `note`, `deleted_at`, `created_at`, `updated_at`) VALUES
(1, 14, 'Shipped', 'Paiement when recieving', 5, 173.60, 6, NULL, NULL, '2024-01-09 18:12:33', '2024-07-10 03:00:10'),
(2, 13, 'Delivered', 'Payment via wallet', 9, 124.00, 6, NULL, NULL, '2024-07-09 19:00:42', '2024-07-09 19:00:42'),
(3, 19, 'Cancelled', 'Payment via wallet', 3, 30.00, 7, NULL, NULL, '2024-07-09 19:03:51', '2024-07-09 19:03:51'),
(4, 20, 'Processing', 'Payment via wallet', 13, 727.00, 8, NULL, NULL, '2024-07-09 19:08:33', '2024-07-09 19:08:33'),
(5, 18, 'New', 'Payment via wallet', 11, 1000.00, 9, 'fast.', NULL, '2024-07-09 19:09:31', '2024-07-09 19:09:31'),
(6, 12, 'Shipped', 'Paiement when recieving', 8, 238.00, 10, NULL, NULL, '2024-01-09 18:12:33', '2024-07-09 19:14:05'),
(7, 11, 'New', 'Paiement when recieving', 7, 105.00, 10, NULL, NULL, '2024-07-09 19:15:35', '2024-07-09 19:15:35'),
(8, 13, 'Processing', 'Paiement when recieving', 9, 18.00, 10, NULL, NULL, '2024-01-09 18:12:33', '2024-07-09 19:16:14'),
(9, 14, 'Shipped', 'Paiement when recieving', 6, 80.00, 6, NULL, NULL, '2024-07-09 19:17:18', '2024-07-09 19:17:18'),
(10, 15, 'Delivered', 'Paiement when recieving', 1, 470.00, 9, NULL, NULL, '2024-07-09 19:19:11', '2024-07-09 19:19:11'),
(11, 16, 'Delivered', 'Paiement when recieving', 4, 47.00, 9, NULL, NULL, '2024-07-09 19:20:48', '2024-07-09 19:20:48'),
(12, 17, 'Delivered', 'Payment via wallet', 10, 1000.00, 6, NULL, NULL, '2024-07-09 19:22:50', '2024-07-09 19:22:50'),
(13, 16, 'New', 'Paiement when recieving', 4, 40.60, 10, NULL, NULL, '2024-01-09 18:12:33', '2024-07-09 19:25:13'),
(14, 18, 'Shipped', 'Paiement when recieving', 11, 1825.00, 9, NULL, NULL, '2024-07-09 19:29:18', '2024-07-09 19:29:18'),
(15, 11, 'New', 'Payment via wallet', 7, 0.30, 10, NULL, NULL, '2024-07-09 19:31:03', '2024-07-09 19:31:03'),
(16, 19, 'New', 'Paiement when recieving', 3, 3.30, 10, NULL, NULL, '2024-01-09 18:12:33', '2024-07-09 19:31:45'),
(17, 15, 'New', 'Paiement when recieving', 1, 9.00, 10, NULL, NULL, '2024-01-09 18:12:33', '2024-07-09 19:32:40'),
(18, 14, 'New', 'Payment via wallet', 6, 478.00, 8, NULL, NULL, '2024-01-09 18:12:33', '2024-07-09 19:37:09'),
(19, 13, 'New', 'Paiement when recieving', 9, 64.00, 6, NULL, NULL, '2024-07-09 19:39:47', '2024-07-09 19:39:47'),
(20, 19, 'New', 'Payment via wallet', 10, 329.00, 7, NULL, NULL, '2024-07-09 19:44:15', '2024-07-09 19:44:15'),
(21, 17, 'Shipped', 'Payment via wallet', 10, 57460.00, 9, NULL, NULL, '2024-07-09 19:51:12', '2024-07-09 19:51:12'),
(22, 15, 'New', 'Paiement when recieving', 1, 100.00, 6, 'testing', NULL, '2024-07-10 02:59:42', '2024-07-10 02:59:42');

-- --------------------------------------------------------

--
-- Table structure for table `order_items`
--

CREATE TABLE `order_items` (
  `id` bigint(20) UNSIGNED NOT NULL,
  `order_id` bigint(20) UNSIGNED NOT NULL,
  `product_id` bigint(20) UNSIGNED NOT NULL,
  `quantity` decimal(10,2) NOT NULL DEFAULT 1.00,
  `measurement_units_id` bigint(20) UNSIGNED NOT NULL,
  `unit_price` decimal(10,2) NOT NULL,
  `total_product_price` decimal(10,2) NOT NULL,
  `deleted_at` timestamp NULL DEFAULT NULL,
  `created_at` timestamp NULL DEFAULT NULL,
  `updated_at` timestamp NULL DEFAULT NULL
) ENGINE=InnoDB DEFAULT CHARSET=utf8mb4 COLLATE=utf8mb4_unicode_ci;

--
-- Dumping data for table `order_items`
--

INSERT INTO `order_items` (`id`, `order_id`, `product_id`, `quantity`, `measurement_units_id`, `unit_price`, `total_product_price`, `deleted_at`, `created_at`, `updated_at`) VALUES
(1, 1, 50, 6.00, 5, 0.60, 3.60, NULL, '2024-07-09 18:12:33', '2024-07-09 18:12:33'),
(2, 1, 1, 100.00, 5, 0.30, 30.00, NULL, '2024-07-09 18:12:33', '2024-07-09 18:12:33'),
(3, 1, 10, 1.00, 4, 50.00, 50.00, NULL, '2024-07-09 18:12:33', '2024-07-09 18:12:33'),
(4, 1, 21, 3.00, 1, 30.00, 90.00, NULL, '2024-07-09 18:12:33', '2024-07-09 18:12:33'),
(5, 2, 11, 1.00, 1, 10.00, 10.00, NULL, '2024-07-09 19:00:42', '2024-07-09 19:00:42'),
(6, 2, 8, 5.00, 2, 20.00, 100.00, NULL, '2024-07-09 19:00:42', '2024-07-09 19:00:42'),
(7, 2, 49, 7.00, 2, 2.00, 14.00, NULL, '2024-07-09 19:00:42', '2024-07-09 19:00:42'),
(8, 3, 3, 10.00, 5, 1.00, 10.00, NULL, '2024-07-09 19:03:51', '2024-07-09 19:03:51'),
(9, 3, 31, 100.00, 5, 0.20, 20.00, NULL, '2024-07-09 19:03:51', '2024-07-09 19:03:51'),
(10, 4, 48, 3.00, 2, 5.00, 15.00, NULL, '2024-07-09 19:08:33', '2024-07-09 19:08:33'),
(11, 4, 4, 19.00, 5, 8.00, 152.00, NULL, '2024-07-09 19:08:33', '2024-07-09 19:08:33'),
(12, 4, 18, 10.00, 2, 15.00, 150.00, NULL, '2024-07-09 19:08:33', '2024-07-09 19:08:33'),
(13, 4, 18, 12.00, 2, 15.00, 180.00, NULL, '2024-07-09 19:08:33', '2024-07-09 19:08:33'),
(14, 4, 22, 6.00, 1, 20.00, 120.00, NULL, '2024-07-09 19:08:33', '2024-07-09 19:08:33'),
(15, 4, 9, 1.00, 5, 20.00, 20.00, NULL, '2024-07-09 19:08:33', '2024-07-09 19:08:33'),
(16, 4, 19, 18.00, 4, 5.00, 90.00, NULL, '2024-07-09 19:08:33', '2024-07-09 19:08:33'),
(17, 5, 11, 100.00, 1, 10.00, 1000.00, NULL, '2024-07-09 19:09:31', '2024-07-09 19:09:31'),
(18, 6, 1, 20.00, 5, 0.30, 6.00, NULL, '2024-07-09 19:14:05', '2024-07-09 19:14:05'),
(19, 6, 9, 2.00, 5, 20.00, 40.00, NULL, '2024-07-09 19:14:05', '2024-07-09 19:14:05'),
(20, 6, 3, 10.00, 5, 1.00, 10.00, NULL, '2024-07-09 19:14:05', '2024-07-09 19:14:05'),
(21, 6, 6, 15.00, 5, 5.00, 75.00, NULL, '2024-07-09 19:14:05', '2024-07-09 19:14:05'),
(22, 6, 16, 22.00, 4, 1.00, 22.00, NULL, '2024-07-09 19:14:05', '2024-07-09 19:14:05'),
(23, 6, 22, 4.00, 1, 20.00, 80.00, NULL, '2024-07-09 19:14:05', '2024-07-09 19:14:05'),
(24, 6, 34, 1.00, 2, 5.00, 5.00, NULL, '2024-07-09 19:14:05', '2024-07-09 19:14:05'),
(25, 7, 7, 12.00, 5, 8.00, 96.00, NULL, '2024-07-09 19:15:35', '2024-07-09 19:15:35'),
(26, 7, 1, 30.00, 5, 0.30, 9.00, NULL, '2024-07-09 19:15:35', '2024-07-09 19:15:35'),
(27, 8, 20, 1.00, 1, 18.00, 18.00, NULL, '2024-07-09 19:16:14', '2024-07-09 19:16:14'),
(28, 9, 12, 2.00, 1, 25.00, 50.00, NULL, '2024-07-09 19:17:18', '2024-07-09 19:17:18'),
(29, 9, 26, 2.00, 2, 15.00, 30.00, NULL, '2024-07-09 19:17:18', '2024-07-09 19:17:18'),
(30, 10, 10, 2.00, 1, 150.00, 300.00, NULL, '2024-07-09 19:19:11', '2024-07-09 19:19:11'),
(31, 10, 23, 3.00, 1, 50.00, 150.00, NULL, '2024-07-09 19:19:11', '2024-07-09 19:19:11'),
(32, 10, 22, 1.00, 1, 20.00, 20.00, NULL, '2024-07-09 19:19:11', '2024-07-09 19:19:11'),
(33, 11, 19, 1.00, 4, 5.00, 5.00, NULL, '2024-07-09 19:20:48', '2024-07-09 19:20:48'),
(34, 11, 5, 2.00, 6, 20.00, 40.00, NULL, '2024-07-09 19:20:48', '2024-07-09 19:20:48'),
(35, 11, 31, 10.00, 5, 0.20, 2.00, NULL, '2024-07-09 19:20:48', '2024-07-09 19:20:48'),
(36, 12, 10, 20.00, 4, 50.00, 1000.00, NULL, '2024-07-09 19:22:50', '2024-07-09 19:22:50'),
(37, 13, 1, 1.00, 5, 0.30, 0.30, NULL, '2024-07-09 19:25:13', '2024-07-09 19:25:13'),
(38, 13, 2, 1.00, 5, 0.30, 0.30, NULL, '2024-07-09 19:25:13', '2024-07-09 19:25:13'),
(39, 13, 45, 1.00, 5, 40.00, 40.00, NULL, '2024-07-09 19:25:13', '2024-07-09 19:25:13'),
(40, 14, 10, 8.00, 1, 150.00, 1200.00, NULL, '2024-07-09 19:29:18', '2024-07-09 19:29:18'),
(41, 14, 23, 5.00, 1, 50.00, 250.00, NULL, '2024-07-09 19:29:18', '2024-07-09 19:29:18'),
(42, 14, 59, 3.00, 1, 50.00, 150.00, NULL, '2024-07-09 19:29:18', '2024-07-09 19:29:18'),
(43, 14, 12, 9.00, 1, 25.00, 225.00, NULL, '2024-07-09 19:29:18', '2024-07-09 19:29:18'),
(44, 15, 2, 1.00, 5, 0.30, 0.30, NULL, '2024-07-09 19:31:03', '2024-07-09 19:31:03'),
(45, 16, 2, 1.00, 5, 0.30, 0.30, NULL, '2024-07-09 19:31:45', '2024-07-09 19:31:45'),
(46, 16, 15, 1.00, 4, 3.00, 3.00, NULL, '2024-07-09 19:31:45', '2024-07-09 19:31:45'),
(47, 17, 16, 3.00, 4, 1.00, 3.00, NULL, '2024-07-09 19:32:40', '2024-07-09 19:32:40'),
(48, 17, 22, 3.00, 4, 2.00, 6.00, NULL, '2024-07-09 19:32:40', '2024-07-09 19:32:40'),
(49, 18, 28, 4.00, 2, 30.00, 120.00, NULL, '2024-07-09 19:37:09', '2024-07-09 19:37:09'),
(50, 18, 29, 4.00, 2, 17.00, 68.00, NULL, '2024-07-09 19:37:09', '2024-07-09 19:37:09'),
(51, 18, 43, 4.00, 3, 10.00, 40.00, NULL, '2024-07-09 19:37:09', '2024-07-09 19:37:09'),
(52, 18, 67, 5.00, 3, 20.00, 100.00, NULL, '2024-07-09 19:37:09', '2024-07-09 19:37:09'),
(53, 18, 44, 5.00, 5, 30.00, 150.00, NULL, '2024-07-09 19:37:09', '2024-07-09 19:37:09'),
(54, 19, 34, 1.00, 2, 5.00, 5.00, NULL, '2024-07-09 19:39:47', '2024-07-09 19:39:47'),
(55, 19, 35, 1.00, 4, 5.00, 5.00, NULL, '2024-07-09 19:39:47', '2024-07-09 19:39:47'),
(56, 19, 36, 1.00, 1, 20.00, 20.00, NULL, '2024-07-09 19:39:47', '2024-07-09 19:39:47'),
(57, 19, 16, 1.00, 1, 10.00, 10.00, NULL, '2024-07-09 19:39:47', '2024-07-09 19:39:47'),
(58, 19, 63, 1.00, 1, 24.00, 24.00, NULL, '2024-07-09 19:39:47', '2024-07-09 19:39:47'),
(59, 20, 14, 2.00, 1, 20.00, 40.00, NULL, '2024-07-09 19:44:15', '2024-07-09 19:44:15'),
(60, 20, 3, 4.00, 5, 1.00, 4.00, NULL, '2024-07-09 19:44:15', '2024-07-09 19:44:15'),
(61, 20, 6, 7.00, 5, 5.00, 35.00, NULL, '2024-07-09 19:44:15', '2024-07-09 19:44:15'),
(62, 20, 9, 3.00, 5, 20.00, 60.00, NULL, '2024-07-09 19:44:15', '2024-07-09 19:44:15'),
(63, 20, 20, 5.00, 1, 18.00, 90.00, NULL, '2024-07-09 19:44:15', '2024-07-09 19:44:15'),
(64, 20, 8, 3.00, 2, 20.00, 60.00, NULL, '2024-07-09 19:44:15', '2024-07-09 19:44:15'),
(65, 20, 5, 2.00, 6, 20.00, 40.00, NULL, '2024-07-09 19:44:15', '2024-07-09 19:44:15'),
(66, 21, 10, 250.00, 1, 150.00, 37500.00, NULL, '2024-07-09 19:51:12', '2024-07-09 19:51:12'),
(67, 21, 11, 100.00, 1, 10.00, 1000.00, NULL, '2024-07-09 19:51:12', '2024-07-09 19:51:12'),
(68, 21, 12, 90.00, 1, 25.00, 2250.00, NULL, '2024-07-09 19:51:12', '2024-07-09 19:51:12'),
(69, 21, 13, 500.00, 1, 16.00, 8000.00, NULL, '2024-07-09 19:51:12', '2024-07-09 19:51:12'),
(70, 21, 54, 30.00, 2, 20.00, 600.00, NULL, '2024-07-09 19:51:12', '2024-07-09 19:51:12'),
(71, 21, 55, 140.00, 1, 30.00, 4200.00, NULL, '2024-07-09 19:51:12', '2024-07-09 19:51:12'),
(72, 21, 56, 300.00, 1, 10.00, 3000.00, NULL, '2024-07-09 19:51:12', '2024-07-09 19:51:12'),
(73, 21, 1, 50.00, 5, 0.30, 15.00, NULL, '2024-07-09 19:51:12', '2024-07-09 19:51:12'),
(74, 21, 2, 50.00, 5, 0.30, 15.00, NULL, '2024-07-09 19:51:12', '2024-07-09 19:51:12'),
(75, 21, 4, 50.00, 5, 8.00, 400.00, NULL, '2024-07-09 19:51:12', '2024-07-09 19:51:12'),
(76, 21, 7, 60.00, 5, 8.00, 480.00, NULL, '2024-07-09 19:51:12', '2024-07-09 19:51:12'),
(77, 22, 17, 1.00, 4, 100.00, 100.00, NULL, '2024-07-10 02:59:42', '2024-07-10 02:59:42');

-- --------------------------------------------------------

--
-- Table structure for table `password_reset_tokens`
--

CREATE TABLE `password_reset_tokens` (
  `email` varchar(255) NOT NULL,
  `token` varchar(255) NOT NULL,
  `created_at` timestamp NULL DEFAULT NULL
) ENGINE=InnoDB DEFAULT CHARSET=utf8mb4 COLLATE=utf8mb4_unicode_ci;

-- --------------------------------------------------------

--
-- Table structure for table `permissions`
--

CREATE TABLE `permissions` (
  `id` bigint(20) UNSIGNED NOT NULL,
  `name` varchar(255) NOT NULL,
  `guard_name` varchar(255) NOT NULL,
  `created_at` timestamp NULL DEFAULT NULL,
  `updated_at` timestamp NULL DEFAULT NULL
) ENGINE=InnoDB DEFAULT CHARSET=utf8mb4 COLLATE=utf8mb4_unicode_ci;

--
-- Dumping data for table `permissions`
--

INSERT INTO `permissions` (`id`, `name`, `guard_name`, `created_at`, `updated_at`) VALUES
(1, 'view_address', 'web', '2024-07-02 07:02:41', '2024-07-02 07:02:41'),
(2, 'view_any_address', 'web', '2024-07-02 07:02:41', '2024-07-02 07:02:41'),
(3, 'create_address', 'web', '2024-07-02 07:02:41', '2024-07-02 07:02:41'),
(4, 'update_address', 'web', '2024-07-02 07:02:41', '2024-07-02 07:02:41'),
(5, 'restore_address', 'web', '2024-07-02 07:02:41', '2024-07-02 07:02:41'),
(6, 'restore_any_address', 'web', '2024-07-02 07:02:41', '2024-07-02 07:02:41'),
(7, 'replicate_address', 'web', '2024-07-02 07:02:41', '2024-07-02 07:02:41'),
(8, 'reorder_address', 'web', '2024-07-02 07:02:41', '2024-07-02 07:02:41'),
(9, 'delete_address', 'web', '2024-07-02 07:02:41', '2024-07-02 07:02:41'),
(10, 'delete_any_address', 'web', '2024-07-02 07:02:41', '2024-07-02 07:02:41'),
(11, 'force_delete_address', 'web', '2024-07-02 07:02:41', '2024-07-02 07:02:41'),
(12, 'force_delete_any_address', 'web', '2024-07-02 07:02:41', '2024-07-02 07:02:41'),
(13, 'view_alternative::product', 'web', '2024-07-02 07:02:41', '2024-07-02 07:02:41'),
(14, 'view_any_alternative::product', 'web', '2024-07-02 07:02:41', '2024-07-02 07:02:41'),
(15, 'create_alternative::product', 'web', '2024-07-02 07:02:41', '2024-07-02 07:02:41'),
(16, 'update_alternative::product', 'web', '2024-07-02 07:02:41', '2024-07-02 07:02:41'),
(17, 'restore_alternative::product', 'web', '2024-07-02 07:02:41', '2024-07-02 07:02:41'),
(18, 'restore_any_alternative::product', 'web', '2024-07-02 07:02:41', '2024-07-02 07:02:41'),
(19, 'replicate_alternative::product', 'web', '2024-07-02 07:02:41', '2024-07-02 07:02:41'),
(20, 'reorder_alternative::product', 'web', '2024-07-02 07:02:41', '2024-07-02 07:02:41'),
(21, 'delete_alternative::product', 'web', '2024-07-02 07:02:41', '2024-07-02 07:02:41'),
(22, 'delete_any_alternative::product', 'web', '2024-07-02 07:02:41', '2024-07-02 07:02:41'),
(23, 'force_delete_alternative::product', 'web', '2024-07-02 07:02:41', '2024-07-02 07:02:41'),
(24, 'force_delete_any_alternative::product', 'web', '2024-07-02 07:02:41', '2024-07-02 07:02:41'),
(25, 'view_article', 'web', '2024-07-02 07:02:41', '2024-07-02 07:02:41'),
(26, 'view_any_article', 'web', '2024-07-02 07:02:41', '2024-07-02 07:02:41'),
(27, 'create_article', 'web', '2024-07-02 07:02:41', '2024-07-02 07:02:41'),
(28, 'update_article', 'web', '2024-07-02 07:02:41', '2024-07-02 07:02:41'),
(29, 'restore_article', 'web', '2024-07-02 07:02:41', '2024-07-02 07:02:41'),
(30, 'restore_any_article', 'web', '2024-07-02 07:02:41', '2024-07-02 07:02:41'),
(31, 'replicate_article', 'web', '2024-07-02 07:02:41', '2024-07-02 07:02:41'),
(32, 'reorder_article', 'web', '2024-07-02 07:02:41', '2024-07-02 07:02:41'),
(33, 'delete_article', 'web', '2024-07-02 07:02:41', '2024-07-02 07:02:41'),
(34, 'delete_any_article', 'web', '2024-07-02 07:02:41', '2024-07-02 07:02:41'),
(35, 'force_delete_article', 'web', '2024-07-02 07:02:41', '2024-07-02 07:02:41'),
(36, 'force_delete_any_article', 'web', '2024-07-02 07:02:41', '2024-07-02 07:02:41'),
(37, 'view_category', 'web', '2024-07-02 07:02:41', '2024-07-02 07:02:41'),
(38, 'view_any_category', 'web', '2024-07-02 07:02:41', '2024-07-02 07:02:41'),
(39, 'create_category', 'web', '2024-07-02 07:02:41', '2024-07-02 07:02:41'),
(40, 'update_category', 'web', '2024-07-02 07:02:41', '2024-07-02 07:02:41'),
(41, 'restore_category', 'web', '2024-07-02 07:02:41', '2024-07-02 07:02:41'),
(42, 'restore_any_category', 'web', '2024-07-02 07:02:41', '2024-07-02 07:02:41'),
(43, 'replicate_category', 'web', '2024-07-02 07:02:41', '2024-07-02 07:02:41'),
(44, 'reorder_category', 'web', '2024-07-02 07:02:41', '2024-07-02 07:02:41'),
(45, 'delete_category', 'web', '2024-07-02 07:02:41', '2024-07-02 07:02:41'),
(46, 'delete_any_category', 'web', '2024-07-02 07:02:41', '2024-07-02 07:02:41'),
(47, 'force_delete_category', 'web', '2024-07-02 07:02:41', '2024-07-02 07:02:41'),
(48, 'force_delete_any_category', 'web', '2024-07-02 07:02:41', '2024-07-02 07:02:41'),
(49, 'view_measruing::unit', 'web', '2024-07-02 07:02:41', '2024-07-02 07:02:41'),
(50, 'view_any_measruing::unit', 'web', '2024-07-02 07:02:41', '2024-07-02 07:02:41'),
(51, 'create_measruing::unit', 'web', '2024-07-02 07:02:41', '2024-07-02 07:02:41'),
(52, 'update_measruing::unit', 'web', '2024-07-02 07:02:41', '2024-07-02 07:02:41'),
(53, 'restore_measruing::unit', 'web', '2024-07-02 07:02:41', '2024-07-02 07:02:41'),
(54, 'restore_any_measruing::unit', 'web', '2024-07-02 07:02:41', '2024-07-02 07:02:41'),
(55, 'replicate_measruing::unit', 'web', '2024-07-02 07:02:41', '2024-07-02 07:02:41'),
(56, 'reorder_measruing::unit', 'web', '2024-07-02 07:02:41', '2024-07-02 07:02:41'),
(57, 'delete_measruing::unit', 'web', '2024-07-02 07:02:41', '2024-07-02 07:02:41'),
(58, 'delete_any_measruing::unit', 'web', '2024-07-02 07:02:41', '2024-07-02 07:02:41'),
(59, 'force_delete_measruing::unit', 'web', '2024-07-02 07:02:41', '2024-07-02 07:02:41'),
(60, 'force_delete_any_measruing::unit', 'web', '2024-07-02 07:02:41', '2024-07-02 07:02:41'),
(61, 'view_order', 'web', '2024-07-02 07:02:41', '2024-07-02 07:02:41'),
(62, 'view_any_order', 'web', '2024-07-02 07:02:41', '2024-07-02 07:02:41'),
(63, 'create_order', 'web', '2024-07-02 07:02:41', '2024-07-02 07:02:41'),
(64, 'update_order', 'web', '2024-07-02 07:02:41', '2024-07-02 07:02:41'),
(65, 'restore_order', 'web', '2024-07-02 07:02:41', '2024-07-02 07:02:41'),
(66, 'restore_any_order', 'web', '2024-07-02 07:02:41', '2024-07-02 07:02:41'),
(67, 'replicate_order', 'web', '2024-07-02 07:02:41', '2024-07-02 07:02:41'),
(68, 'reorder_order', 'web', '2024-07-02 07:02:41', '2024-07-02 07:02:41'),
(69, 'delete_order', 'web', '2024-07-02 07:02:41', '2024-07-02 07:02:41'),
(70, 'delete_any_order', 'web', '2024-07-02 07:02:41', '2024-07-02 07:02:41'),
(71, 'force_delete_order', 'web', '2024-07-02 07:02:41', '2024-07-02 07:02:41'),
(72, 'force_delete_any_order', 'web', '2024-07-02 07:02:41', '2024-07-02 07:02:41'),
(73, 'view_product', 'web', '2024-07-02 07:02:41', '2024-07-02 07:02:41'),
(74, 'view_any_product', 'web', '2024-07-02 07:02:41', '2024-07-02 07:02:41'),
(75, 'create_product', 'web', '2024-07-02 07:02:41', '2024-07-02 07:02:41'),
(76, 'update_product', 'web', '2024-07-02 07:02:41', '2024-07-02 07:02:41'),
(77, 'restore_product', 'web', '2024-07-02 07:02:41', '2024-07-02 07:02:41'),
(78, 'restore_any_product', 'web', '2024-07-02 07:02:41', '2024-07-02 07:02:41'),
(79, 'replicate_product', 'web', '2024-07-02 07:02:41', '2024-07-02 07:02:41'),
(80, 'reorder_product', 'web', '2024-07-02 07:02:41', '2024-07-02 07:02:41'),
(81, 'delete_product', 'web', '2024-07-02 07:02:41', '2024-07-02 07:02:41'),
(82, 'delete_any_product', 'web', '2024-07-02 07:02:41', '2024-07-02 07:02:41'),
(83, 'force_delete_product', 'web', '2024-07-02 07:02:41', '2024-07-02 07:02:41'),
(84, 'force_delete_any_product', 'web', '2024-07-02 07:02:41', '2024-07-02 07:02:41'),
(85, 'view_product::measurement::unit', 'web', '2024-07-02 07:02:41', '2024-07-02 07:02:41'),
(86, 'view_any_product::measurement::unit', 'web', '2024-07-02 07:02:41', '2024-07-02 07:02:41'),
(87, 'create_product::measurement::unit', 'web', '2024-07-02 07:02:41', '2024-07-02 07:02:41'),
(88, 'update_product::measurement::unit', 'web', '2024-07-02 07:02:41', '2024-07-02 07:02:41'),
(89, 'restore_product::measurement::unit', 'web', '2024-07-02 07:02:41', '2024-07-02 07:02:41'),
(90, 'restore_any_product::measurement::unit', 'web', '2024-07-02 07:02:41', '2024-07-02 07:02:41'),
(91, 'replicate_product::measurement::unit', 'web', '2024-07-02 07:02:41', '2024-07-02 07:02:41'),
(92, 'reorder_product::measurement::unit', 'web', '2024-07-02 07:02:41', '2024-07-02 07:02:41'),
(93, 'delete_product::measurement::unit', 'web', '2024-07-02 07:02:41', '2024-07-02 07:02:41'),
(94, 'delete_any_product::measurement::unit', 'web', '2024-07-02 07:02:41', '2024-07-02 07:02:41'),
(95, 'force_delete_product::measurement::unit', 'web', '2024-07-02 07:02:41', '2024-07-02 07:02:41'),
(96, 'force_delete_any_product::measurement::unit', 'web', '2024-07-02 07:02:41', '2024-07-02 07:02:41'),
(97, 'view_role', 'web', '2024-07-02 07:02:41', '2024-07-02 07:02:41'),
(98, 'view_any_role', 'web', '2024-07-02 07:02:41', '2024-07-02 07:02:41'),
(99, 'create_role', 'web', '2024-07-02 07:02:41', '2024-07-02 07:02:41'),
(100, 'update_role', 'web', '2024-07-02 07:02:41', '2024-07-02 07:02:41'),
(101, 'delete_role', 'web', '2024-07-02 07:02:41', '2024-07-02 07:02:41'),
(102, 'delete_any_role', 'web', '2024-07-02 07:02:41', '2024-07-02 07:02:41'),
(103, 'view_user', 'web', '2024-07-02 07:02:41', '2024-07-02 07:02:41'),
(104, 'view_any_user', 'web', '2024-07-02 07:02:41', '2024-07-02 07:02:41'),
(105, 'create_user', 'web', '2024-07-02 07:02:41', '2024-07-02 07:02:41'),
(106, 'update_user', 'web', '2024-07-02 07:02:41', '2024-07-02 07:02:41'),
(107, 'restore_user', 'web', '2024-07-02 07:02:41', '2024-07-02 07:02:41'),
(108, 'restore_any_user', 'web', '2024-07-02 07:02:41', '2024-07-02 07:02:41'),
(109, 'replicate_user', 'web', '2024-07-02 07:02:41', '2024-07-02 07:02:41'),
(110, 'reorder_user', 'web', '2024-07-02 07:02:41', '2024-07-02 07:02:41'),
(111, 'delete_user', 'web', '2024-07-02 07:02:41', '2024-07-02 07:02:41'),
(112, 'delete_any_user', 'web', '2024-07-02 07:02:41', '2024-07-02 07:02:41'),
(113, 'force_delete_user', 'web', '2024-07-02 07:02:41', '2024-07-02 07:02:41'),
(114, 'force_delete_any_user', 'web', '2024-07-02 07:02:41', '2024-07-02 07:02:41'),
(115, 'view_vehicle::detail', 'web', '2024-07-02 07:02:41', '2024-07-02 07:02:41'),
(116, 'view_any_vehicle::detail', 'web', '2024-07-02 07:02:41', '2024-07-02 07:02:41'),
(117, 'create_vehicle::detail', 'web', '2024-07-02 07:02:41', '2024-07-02 07:02:41'),
(118, 'update_vehicle::detail', 'web', '2024-07-02 07:02:41', '2024-07-02 07:02:41'),
(119, 'restore_vehicle::detail', 'web', '2024-07-02 07:02:41', '2024-07-02 07:02:41'),
(120, 'restore_any_vehicle::detail', 'web', '2024-07-02 07:02:41', '2024-07-02 07:02:41'),
(121, 'replicate_vehicle::detail', 'web', '2024-07-02 07:02:41', '2024-07-02 07:02:41'),
(122, 'reorder_vehicle::detail', 'web', '2024-07-02 07:02:41', '2024-07-02 07:02:41'),
(123, 'delete_vehicle::detail', 'web', '2024-07-02 07:02:41', '2024-07-02 07:02:41'),
(124, 'delete_any_vehicle::detail', 'web', '2024-07-02 07:02:41', '2024-07-02 07:02:41'),
(125, 'force_delete_vehicle::detail', 'web', '2024-07-02 07:02:41', '2024-07-02 07:02:41'),
(126, 'force_delete_any_vehicle::detail', 'web', '2024-07-02 07:02:41', '2024-07-02 07:02:41'),
(127, 'widget_StatsOverview', 'web', '2024-07-02 07:02:42', '2024-07-02 07:02:42'),
(128, 'widget_LatestOrders', 'web', '2024-07-02 07:02:42', '2024-07-02 07:02:42'),
(129, 'widget_OrderChart', 'web', '2024-07-02 07:02:42', '2024-07-02 07:02:42'),
(130, 'widget_OrderCountChart', 'web', '2024-07-02 07:02:42', '2024-07-02 07:02:42'),
(131, 'widget_StatsOverview2', 'web', '2024-07-02 07:02:42', '2024-07-02 07:02:42');

-- --------------------------------------------------------

--
-- Table structure for table `permission_role`
--

CREATE TABLE `permission_role` (
  `permission_id` bigint(20) UNSIGNED NOT NULL,
  `role_id` bigint(20) UNSIGNED NOT NULL
) ENGINE=InnoDB DEFAULT CHARSET=utf8mb4 COLLATE=utf8mb4_unicode_ci;

-- --------------------------------------------------------

--
-- Table structure for table `permission_user`
--

CREATE TABLE `permission_user` (
  `permission_id` bigint(20) UNSIGNED NOT NULL,
  `user_id` bigint(20) UNSIGNED NOT NULL,
  `user_type` varchar(255) NOT NULL
) ENGINE=InnoDB DEFAULT CHARSET=utf8mb4 COLLATE=utf8mb4_unicode_ci;

-- --------------------------------------------------------

--
-- Table structure for table `personal_access_tokens`
--

CREATE TABLE `personal_access_tokens` (
  `id` bigint(20) UNSIGNED NOT NULL,
  `tokenable_type` varchar(255) NOT NULL,
  `tokenable_id` bigint(20) UNSIGNED NOT NULL,
  `name` varchar(255) NOT NULL,
  `token` varchar(64) NOT NULL,
  `abilities` text DEFAULT NULL,
  `last_used_at` timestamp NULL DEFAULT NULL,
  `expires_at` timestamp NULL DEFAULT NULL,
  `created_at` timestamp NULL DEFAULT NULL,
  `updated_at` timestamp NULL DEFAULT NULL
) ENGINE=InnoDB DEFAULT CHARSET=utf8mb4 COLLATE=utf8mb4_unicode_ci;

-- --------------------------------------------------------

--
-- Table structure for table `products`
--

CREATE TABLE `products` (
  `id` bigint(20) UNSIGNED NOT NULL,
  `name` varchar(255) NOT NULL,
  `description` text NOT NULL,
  `category_id` bigint(20) UNSIGNED NOT NULL,
  `made_in` enum('afghanistan','albania','algeria','andorra','angola','antigua_and_barbuda','argentina','armenia','australia','austria','azerbaijan','bahamas','bahrain','bangladesh','barbados','belarus','belgium','belize','benin','bhutan','bolivia','bosnia_and_herzegovina','botswana','brazil','brunei','bulgaria','burkina_faso','burundi','cabo_verde','cambodia','cameroon','canada','central_african_republic','chad','chile','china','colombia','comoros','congo','costa_rica','cote_divoire','croatia','cuba','cyprus','czech_republic','democratic_republic_of_the_congo','denmark','djibouti','dominica','dominican_republic','east_timor','ecuador','egypt','el_salvador','equatorial_guinea','eritrea','estonia','eswatini','ethiopia','fiji','finland','france','gabon','gambia','georgia','germany','ghana','greece','grenada','guatemala','guinea','guinea_bissau','guyana','haiti','honduras','hungary','iceland','india','indonesia','iran','iraq','ireland','israel','italy','jamaica','japan','jordan','kazakhstan','kenya','kiribati','kosovo','kuwait','kyrgyzstan','laos','latvia','lebanon','lesotho','liberia','libya','liechtenstein','lithuania','luxembourg','madagascar','malawi','malaysia','maldives','mali','malta','marshall_islands','mauritania','mauritius','mexico','micronesia','moldova','monaco','mongolia','montenegro','morocco','mozambique','myanmar','namibia','nauru','nepal','netherlands','new_zealand','nicaragua','niger','nigeria','north_korea','north_macedonia','norway','oman','pakistan','palau','palestine','panama','papua_new_guinea','paraguay','peru','philippines','poland','portugal','qatar','romania','russia','rwanda','saint_kitts_and_nevis','saint_lucia','saint_vincent_and_the_grenadines','samoa','san_marino','sao_tome_and_principe','saudi_arabia','senegal','serbia','seychelles','sierra_leone','singapore','slovakia','slovenia','solomon_islands','somalia','south_africa','south_korea','south_sudan','spain','sri_lanka','sudan','suriname','sweden','switzerland','syria','taiwan','tajikistan','tanzania','thailand','togo','tonga','trinidad_and_tobago','tunisia','turkey','turkmenistan','tuvalu','uganda','ukraine','united_arab_emirates','united_kingdom','united_states','uruguay','uzbekistan','vanuatu','vatican_city','venezuela','vietnam','yemen','zambia','zimbabwe') NOT NULL,
  `image` varchar(255) DEFAULT NULL,
  `manufacture_company` text NOT NULL,
  `type` text DEFAULT NULL,
  `effective_material` text DEFAULT NULL,
  `indications` text DEFAULT NULL,
  `dosage` text DEFAULT NULL,
  `side_effects` text DEFAULT NULL,
  `contraindications` text DEFAULT NULL,
  `packaging` text DEFAULT NULL,
  `storage` text DEFAULT NULL,
  `status` tinyint(1) NOT NULL DEFAULT 0,
  `created_at` timestamp NULL DEFAULT NULL,
  `updated_at` timestamp NULL DEFAULT NULL
) ENGINE=InnoDB DEFAULT CHARSET=utf8mb4 COLLATE=utf8mb4_unicode_ci;

--
-- Dumping data for table `products`
--

INSERT INTO `products` (`id`, `name`, `description`, `category_id`, `made_in`, `image`, `manufacture_company`, `type`, `effective_material`, `indications`, `dosage`, `side_effects`, `contraindications`, `packaging`, `storage`, `status`, `created_at`, `updated_at`) VALUES
(1, 'Sterile Dressings - ضمادات معقمة', 'الضمادات الاستريلية تستخدم لتغطية وحماية الجروح من العدوى وفي نفس الوقت تسمح لها بالشفاء.', 5, 'united_states', 'products_images/01J29CG3WPW9CJ5YTDJ8923D2H.jpg', 'Smith & Nephew', 'منصات الشاش المعقمة', NULL, NULL, NULL, NULL, NULL, NULL, 'يُحفظ في مكان بارد وجاف، بعيدًا عن أشعة الشمس المباشرة.', 1, '2024-07-06 11:55:52', '2024-07-08 11:42:03'),
(2, 'Adhesive Bandages - الضمادات اللاصقة', 'الشرائط اللاصقة هي قطع صغيرة من المواد تحتوي على وسادة من الشاش المتوسطة في الوسط، تُستخدم لتغطية الجروح البسيطة والخدوش.', 5, 'united_states', 'products_images/01J29CSJRFE3XVP7S15YKP6ZZ7.jpg', 'Johnson & Johnson ', 'العناية بالجروح', NULL, NULL, NULL, NULL, NULL, NULL, 'يُحفظ في مكان بارد وجاف.', 1, '2024-07-06 12:40:20', '2024-07-08 11:43:33'),
(3, 'Tweezers - الملقط', 'يستخدم لإزالة الأجسام الغريبة من الجلد، مثل الشظايا.', 5, 'germany', 'products_images/01J29D4SPZDH16QEEC3JX9M0BS.jpg', 'Zwilling J.A. Henckels', 'أداة طبية', NULL, NULL, NULL, NULL, NULL, NULL, 'يُحفظ في مكان نظيف وجاف.', 1, '2024-07-06 12:46:25', '2024-07-08 11:49:40'),
(4, 'Medical Tape - الشريط الطبي', 'شريط مضاد للحساسية يستخدم لتثبيت الضمادات والشرائط الطبية.', 5, 'united_states', 'products_images/01J29DA14C7NG6HD8K8DRQMSRB.jpg', '3M Company', 'شريط جراحي', NULL, NULL, NULL, NULL, 'حساسية من المواد اللاصقة', NULL, 'يُحفظ في مكان بارد وجاف.', 1, '2024-07-06 12:57:38', '2024-07-08 11:52:32'),
(5, 'Medical Gloves - قفازات الطبية', 'القفازات القابلة للتصرف تستخدم لحماية الشخص الذي يرتديها والمريض أثناء الإجراءات الطبية.', 5, 'malaysia', 'products_images/01J29DEVC0P6P17AM3PPW02J3J.jpg', 'Top Glove Corporation', 'قفازات حماية', NULL, NULL, NULL, NULL, 'حساسية من النتريل', NULL, 'يُحفظ في مكان بارد وجاف.', 1, '2024-07-06 13:23:24', '2024-07-08 11:55:10'),
(6, 'Cold Packs - الكمادات الباردة', 'عبوة توفر علاجًا بالبرد لتقليل الانتفاخ والألم.', 5, 'united_states', 'products_images/01J29DRMY8AQEGHP2SGQ26YB8W.jpg', 'Dynarex Corporation', 'علاج بارد', 'Ammonium nitrate - نترات الأمونيوم', NULL, 'استخدام مرة واحدة حسب الحاجة', NULL, 'لا تطبق مباشرة على الجلد المتضرر.', NULL, 'يُحفظ في درجة حرارة الغرفة.', 1, '2024-07-06 13:27:48', '2024-07-08 12:00:31'),
(7, 'Elastic Bandage - ضمادة مرنة', 'شاش طبي مطاطي يستخدم لتوفير الدعم والضغط.', 5, 'united_states', 'products_images/01J29DWBM3TEXMSD4JZKEVECRJ.jpg', 'Medline Industries', 'ضمادة ضاغطة', NULL, NULL, NULL, NULL, NULL, NULL, 'يُحفظ في مكان بارد وجاف.', 1, '2024-07-06 13:32:02', '2024-07-08 12:02:32'),
(8, 'acetaminophen - أسِيتامينُوفين', 'مسكن ومضاد للحمى يُستخدم لتخفيف الألم وخفض درجة الحرارة.', 5, 'united_states', 'products_images/01J29E23Q38JVXEK3W8Z067Y80.jpg', 'McNeil Consumer Healthcare', 'مسكن', 'Acetaminophen - أسيتامينوفين', 'تخفيف الألم وخفض درجة الحرارة', '500 ملغ كل 4-6 ساعات حسب الحاجة و400 كبسولة', 'ضرر للكبد مع الاستخدام المفرط، ردود فعل تحسسية', 'مرض الكبد، حساسية تجاه الباراسيتامول', NULL, 'يُحفظ في درجة حرارة الغرفة.', 1, '2024-07-06 13:40:39', '2024-07-08 12:08:49'),
(9, 'Thermometer - ميزان الحرارة', 'جهاز يستخدم لقياس درجة حرارة الجسم', 5, 'china', 'products_images/01J29EAQ6BJTR4YPKMFXSAPRSA.jpg', 'Omron Healthcare', 'أداة تشخيصية', NULL, NULL, NULL, NULL, NULL, NULL, 'يُحفظ في مكان بارد وجاف.', 1, '2024-07-06 13:58:40', '2024-07-08 12:10:23'),
(10, 'Atorvastatin - أتورفاستاتين', 'أتورفاستاتين هو دواء ستاتين يستخدم لخفض مستويات الكوليسترول في الدم', 1, 'united_states', 'products_images/01J29JVXYAB27XBGEE99PK50ST.webp', 'Pfizer Inc', 'ستاتين (مثبط إنزيم اختزال HMG-CoA)', 'Atorvastatin calcium - أتورفاستاتين كالسيوم', 'يُستخدم لتقليل مستويات الكوليسترول الكلي المرتفع، والكوليسترول الضار (LDL)، والدهون الثلاثية في الدم؛ كما يزيد من مستوى الكوليسترول الجيد (HDL).', NULL, 'يمكن أن تشمل الآثار الجانبية ألم العضلات (اعتلال العضلات)، واضطرابات في إنزيمات الكبد، وزيادة خطر الإصابة بالسكري، ونادرًا، تحلل العضلات (انحلال الربيدات).', NULL, NULL, 'يُحفظ في درجة حرارة الغرفة، يُحمي من الضوء والرطوبة.', 1, '2024-07-06 15:02:50', '2024-07-08 13:29:41'),
(11, 'Hydrochlorothiazide - هيدروكلوروثيازيد', 'هيدروكلوروثيازيد هو مدر للبول من نوع الثيازيد يُستخدم لعلاج ارتفاع ضغط الدم والوذمة (احتباس السوائل).', 1, 'united_states', 'products_images/01J29K4D37G7VPVF0Y57116W5Q.jpg', 'Novartis company', 'مدر للبول من نوع الثيازيد', 'Hydrochlorothiazide - هيدروكلوروثيازيد', 'يُستخدم لخفض ضغط الدم وتقليل الوذمة المرتبطة بحالات مثل فشل القلب، تليف الكبد، واضطرابات الكلى.', NULL, 'تشمل الآثار الجانبية الشائعة اضطرابات الكهارل (مثل انخفاض مستويات البوتاسيوم)، زيادة مستويات حمض اليوريك، والدوار.', NULL, NULL, 'يحفظ في درجة حرارة الغرفة، بعيداً عن الضوء والرطوبة', 1, '2024-07-06 15:28:28', '2024-07-08 13:34:19'),
(12, 'Losartan - اللوسارتان', 'لوسارتان هو مانع مستقبلات الأنجيوتنسين II (ARB) يُستخدم لعلاج ارتفاع ضغط الدم واعتلال الكلية السكري.', 1, 'united_states', 'products_images/01J29KBDXGY15EKMPZX6B3G5WD.webp', 'Merck & Co', 'حاصرات مستقبلات الأنجيوتنسين II (ARB)', 'Losartan potassium - لوسارتان بوتاسيوم', NULL, NULL, 'تشمل الآثار الجانبية الشائعة الدوخة وانخفاض ضغط الدم (انخفاض ضغط الدم) وفرط بوتاسيوم الدم (ارتفاع مستويات البوتاسيوم).', NULL, NULL, 'يحفظ في درجة حرارة الغرفة، بعيداً عن الضوء والرطوبة', 1, '2024-07-06 16:01:07', '2024-07-08 13:39:15'),
(13, 'Simvastatin - سيمفاستاتين', 'سيمفاستاتين هو دواء ستاتين يستخدم لخفض مستويات الكوليسترول في الدم وتقليل خطر الإصابة بأمراض القلب والأوعية الدموية', 1, 'united_states', 'products_images/01J29KGW8NWD7KHVMRYQXS003B.jpg', 'Merck & Co', 'ستاتين (مثبط إنزيم اختزال HMG-CoA)', 'Simvastatin - سيمفاستاتين', NULL, NULL, 'تشمل الآثار الجانبية الشائعة آلام العضلات (ألم عضلي)، واضطرابات إنزيمات الكبد، واحتمال التفاعلات الدوائية مع بعض الأدوية', NULL, NULL, 'يحفظ في درجة حرارة الغرفة، بعيداً عن الضوء والرطوبة', 1, '2024-07-06 16:23:17', '2024-07-08 13:42:15'),
(14, 'Sertraline - سيرترالين', 'سيرترالين هو دواء مضاد للاكتئاب ينتمي إلى فئة مثبطات امتصاص السيروتونين الانتقائية (SSRI).', 1, 'united_states', 'products_images/01J29KN6NETBT4J9R33M6W2HZG.webp', 'Pfizer Inc', 'مضاد للاكتئاب (SSRI)', 'Sertraline hydrochloride - سيرترالين هيدروكلوريد', NULL, NULL, 'تشمل الآثار الجانبية الشائعة الغثيان والإسهال والأرق واحتمال العجز الجنسي', NULL, NULL, 'يحفظ في درجة حرارة الغرفة، بعيداً عن الضوء والرطوبة', 1, '2024-07-06 16:34:49', '2024-07-08 13:43:29'),
(15, 'Lipitor - ليبيتور', 'ليبيتور هو دواء ستاتين يستخدم لخفض مستويات الكوليسترول في الدم', 3, 'united_states', 'products_images/01J29QZJN76Y6NRXMCEKM63VEP.jpg', 'Pfizer Inc', 'مثبط إنزيم اختزال HMG-CoA', 'Atorvastatin calcium - أتورفاستاتين كالسيوم', 'يستخدم لخفض نسبة الكولسترول الكلي المرتفع، والكوليسترول الضار، والدهون الثلاثية في الدم؛ كما يزيد من نسبة الكولسترول HDL', NULL, 'يمكن أن يشمل ألم العضلات (ألم عضلي)، واضطرابات إنزيمات الكبد، وزيادة خطر الإصابة بمرض السكري، ونادرًا انهيار العضلات (انحلال الربيدات)', 'مرض الكبد النشط، والحمل، والرضاعة الطبيعية، والحساسية للستاتينات', NULL, 'يحفظ في درجة حرارة الغرفة، بعيداً عن الضوء والرطوبة', 1, '2024-07-06 18:22:22', '2024-07-08 14:59:04'),
(16, 'Metformin - ميتفورمين', 'الميتفورمين هو دواء لمرض السكري عن طريق الفم يساعد على التحكم في مستويات السكر في الدم', 3, 'india', 'products_images/01J29PG8Q4RV9PKWWT0GJDMQZR.webp', 'Sun Pharma', 'دواء مضاد لمرض السكر (بيجوانيد)', 'Metformin hydrochloride - ميتفورمين هيدروكلوريد', 'يستخدم لعلاج مرض السكري من النوع الثاني. يمكن أيضًا استخدامه خارج الملصق لمتلازمة المبيض المتعدد الكيسات (PCOS)', NULL, 'تشمل الآثار الجانبية الشائعة اضطراب الجهاز الهضمي (الإسهال والغثيان) وحالات نادرة من الحماض اللبني', 'قصور شديد في الكلى، وأمراض الكبد، والحماض الاستقلابي الحاد أو المزمن', NULL, 'يحفظ في درجة حرارة الغرفة، بعيداً عن الضوء والرطوبة', 1, '2024-07-06 18:44:09', '2024-07-08 14:33:13'),
(17, 'Amlodipine - أملوديبين', 'أملوديبين هو أحد حاصرات قنوات الكالسيوم المستخدمة لعلاج ارتفاع ضغط الدم ومرض الشريان التاجي', 3, 'india', 'products_images/01J29PQ3D31WY05P4T1YRYJXYQ.jpg', 'Teva Pharmaceuticals', 'حاصر لقنوات الكالسيوم', 'Amlodipine besylate - أملوديبين بيسيلات', NULL, NULL, 'تشمل الآثار الجانبية الشائعة تورم الكاحلين والدوخة والاحمرار. قد يؤدي إلى تفاقم أعراض قصور القلب لدى بعض المرضى', 'انخفاض ضغط الدم الشديد (انخفاض ضغط الدم)، وأمراض الكبد الشديدة، وفرط الحساسية للأملوديبين أو ثنائي هيدروبيريدين آخر', NULL, 'يحفظ في درجة حرارة الغرفة، بعيداً عن الضوء والرطوبة', 1, '2024-07-06 18:55:47', '2024-07-08 14:37:55'),
(18, 'Duloxetine - دولوكستين', 'دولوكسيتين هو مثبط لإعادة امتصاص السيروتونين والنورإبينفرين (SNRI) يستخدم لعلاج اضطراب الاكتئاب الشديد واضطراب القلق العام وأنواع معينة من الألم المزمن.', 3, 'united_states', 'products_images/01J29PXMV6JGGVN5SD5NPW5FV2.jpg', 'Eli Lilly and Company', 'مضاد للاكتئاب (SNRI)', 'Duloxetine hydrochloride - دولوكسيتين هيدروكلوريد', 'يستخدم لعلاج الاكتئاب واضطرابات القلق والألم العضلي الليفي واعتلال الأعصاب المحيطية الناتج عن مرض السكري وآلام العضلات والعظام المزمنة', NULL, 'تشمل الآثار الجانبية الشائعة الغثيان وجفاف الفم والتعب واحتمال ظهور أعراض الانسحاب عند التوقف', NULL, NULL, 'يحفظ في درجة حرارة الغرفة، بعيداً عن الضوء والرطوبة', 1, '2024-07-06 19:04:45', '2024-07-08 14:40:32'),
(19, 'Escitalopram - إسيتالوبرام', 'إسيتالوبرام هو دواء مضاد للاكتئاب ينتمي إلى فئة مثبطات امتصاص السيروتونين الانتقائية (SSRI).', 3, 'denmark', 'products_images/01J29Q4668KS9R5K4H552FWQSC.jpg', 'Lundbeck', 'مضاد للاكتئاب (SSRI)', 'Escitalopram oxalate - اوكسالات الاسيتالوبرام', 'يستخدم لعلاج اضطراب الاكتئاب الشديد واضطراب القلق العام', NULL, 'تشمل الآثار الجانبية الشائعة الغثيان والأرق والخلل الجنسي واحتمال الإصابة بمتلازمة السيروتونين مع الاستخدام المتزامن لأدوية هرمون السيروتونين الأخرى.', NULL, NULL, 'يحفظ في درجة حرارة الغرفة، بعيداً عن الضوء والرطوبة', 1, '2024-07-06 19:16:23', '2024-07-08 14:44:06'),
(20, 'Paracetamol - باراسيتامول', 'مسكن للألم ومخفض للحمى', 2, 'india', 'products_images/01J29F58CM85R752TM1E53EMPB.jpg', 'Cipla', 'مضاد للهستامين', 'Paracetamol - الباراسيتامول', 'الصداع، آلام العضلات، التهاب المفاصل، آلام الظهر، آلام الأسنان، نزلات البرد، والحمى', NULL, 'الغثيان، ردود فعل تحسسية، ضرر الكبد', 'تدهور الكبد الشديد', NULL, 'يُحفظ في درجة حرارة الغرفة، بعيدًا عن الضوء.', 1, '2024-07-06 19:28:27', '2024-07-08 15:32:58'),
(21, 'Cetirizine - سيتيريزين', 'مضاد للهيستامين لتخفيف الحساسية', 2, 'germany', 'products_images/01J29FBVGXCPQQYRGVXBY3PRNE.jpg', 'Bayer', NULL, 'Cetirizine hydrochloride - سيتيريزين هيدروكلوريد', 'التهاب الأنف التحسسي', NULL, 'النعاس، الجفاف في الفم، التعب', NULL, NULL, 'يُحفظ دون تجاوز درجة حرارة 30 درجة مئوية.', 1, '2024-07-06 19:37:01', '2024-07-08 12:28:29'),
(22, 'Loratadine - لوراتادين', 'مضاد للهيستامين طويل المفعول', 2, 'united_kingdom', 'products_images/01J29FHGX2GVMTAWJD4G37J19A.jpg', 'GlaxoSmithKline', NULL, 'Loratadine - لوراتادين', 'التهاب الأنف التحسسي، الشرى المزمن', NULL, 'الصداع، التعب، الجفاف في الفم', NULL, NULL, 'يُحفظ في درجة حرارة الغرفة.', 1, '2024-07-06 19:44:03', '2024-07-08 12:32:10'),
(23, 'Chlorpheniramine maleate - كلورفينيرامين ماليات', 'مضاد للهيستامين لأعراض الحساسية', 2, 'india', 'products_images/01J29FQ6JDCGQYX386RGC3E3NB.png', 'Johnson & Johnson', NULL, 'Chlorpheniramine maleate - كلورفينيرامين ماليات', NULL, NULL, 'النعاس، الجفاف في الفم، الدوار', NULL, NULL, 'يُحفظ في درجة حرارة الغرفة.', 1, '2024-07-06 19:53:18', '2024-07-08 12:34:40'),
(24, 'Dextromethorphan - دكستروميتورفان', 'مثبط للسعال', 2, 'canada', 'products_images/01J29FVMNDSW5TMMQB3ECNVJ0T.jpg', 'Apotex', NULL, 'Dextromethorphan hydrobromide - ديكستروميتورفان هيدروبروميد', NULL, NULL, 'دوخة، غثيان، نعاس', NULL, NULL, 'يُحفظ في درجة حرارة الغرفة.', 1, '2024-07-06 20:04:22', '2024-07-08 12:38:39'),
(25, 'Cetaphil - سيتافيل', 'منظف وجه لطيف وغير مهيج يزيل الأوساخ والزيوت الزائدة والمكياج دون تجفيف البشرة. مثالي للبشرة العادية إلى الدهنية.', 6, 'united_states', 'products_images/01J29BHDCC8HF67AR0THA10YW2.jpg', 'Galderma Laboratories ', 'منظف للوجه', 'Glycerin - الجلسرين', 'تنظيف يومي للبشرة العادية إلى الدهنية.', NULL, 'نادرًا، قد يحدث تهيج خفيف للبشرة أو جفاف.', NULL, NULL, 'يُحفظ في درجة حرارة الغرفة.', 1, '2024-07-06 20:17:09', '2024-07-08 11:23:32'),
(26, 'Neutrogena Hydro Boost Water Gel - نيوتروجينا هيدرو بوست جل مائي', 'مرطب جل خفيف الوزن وخالي من الزيوت يوفر ترطيبًا طويل الأمد، مما يجعل البشرة ناعمة ومرنة.', 6, 'united_states', 'products_images/01J29BRSR152DJCBM7JZ06KYGX.jpg', 'Johnson & Johnson', 'مرطب', 'Hyaluronic Acid - حمض الهيالورونيك', 'للترطيب اليومي للبشرة الجافة.', NULL, 'نادرًا، قد يحدث تهيج خفيف للبشرة.', NULL, NULL, 'يُحفظ في درجة حرارة الغرفة.', 1, '2024-07-06 20:22:35', '2024-07-08 11:25:39'),
(27, 'CeraVe Moisturizing Cream - كريم الترطيب سيرافي', 'كريم غني غير دهني يمتص بسرعة يوفر ترطيبًا طوال اليوم ويساعد في استعادة حاجز البشرة الواقي بفضل السيراميدات وحمض الهيالورونيك.', 6, 'united_states', 'products_images/01J29BXD4D00MWM3CDTANK2B8W.jpg', 'L\'Oréal ', 'مرطب', 'Ceramides, Hyaluronic Acid - سيراميد، حمض الهيالورونيك', 'ترطيب يومي للبشرة الجافة إلى الجافة جدًا.', NULL, 'نادرًا ما يحدث تهيج خفيف للبشرة.', NULL, NULL, 'يُحفظ في درجة حرارة الغرفة.', 1, '2024-07-06 20:26:55', '2024-07-08 11:28:10'),
(28, 'Vichy Mineral 89 - فيشي مينيرال 89', 'منشط مرطب يحتوي على مياه فيشي المعدنية الحرارية وحمض الهيالورونيك لتقوية وإصلاح حاجز البشرة.', 6, 'france', 'products_images/01J29C1P8SK4VJG99BVF60CEVK.jpg', 'Vichy Laboratories', 'معزز الترطيب', 'Hyaluronic Acid, Vichy Thermal Water - حمض الهيالورونيك، مياه فيشي الحرارية', 'ترطيب يومي وتقوية حاجز البشرة.', NULL, 'نادرًا ما، يحدث تهيج خفيف للبشرة.', NULL, NULL, 'يُحفظ في درجة حرارة الغرفة.', 1, '2024-07-06 20:32:03', '2024-07-08 11:31:40'),
(29, 'Eucerin Advanced Repair Lotion - لوشن الإصلاح المتقدم من يوسيرين', 'لوشن خفيف الوزن يمتص بسرعة يوفر ترطيبًا لمدة 48 ساعة ويعيد بناء الحاجز الطبيعي للبشرة باستخدام السيراميدات وعوامل الترطيب الطبيعية.', 6, 'united_states', 'products_images/01J29C6NGRJTA3V3RZ7KE5JTPM.jpg', 'Beiersdorf Inc', 'لوشن', 'Ceramides - سيراميد', 'ترطيب يومي للبشرة الجافة والخشنة.', NULL, 'نادرًا ما، يحدث تهيج خفيف للبشرة.', NULL, NULL, 'يُحفظ في درجة حرارة الغرفة.', 1, '2024-07-06 20:38:16', '2024-07-08 11:33:13'),
(30, 'Nitrile Gloves - قفازات النتريل', 'قفازات طبية يمكن التخلص منها', 4, 'malaysia', 'products_images/01J29J7EPJ7V045RYS79N26K22.jpg', 'Top Glove', NULL, NULL, NULL, NULL, NULL, NULL, NULL, 'تخزين في مكان بارد وجاف', 1, '2024-07-06 20:47:27', '2024-07-08 13:18:30'),
(31, 'Surgical Mask - قناع جراحي', 'قناع الوجه للاستخدام الطبي', 4, 'india', 'products_images/01J29JARHFYJNX9RQNHRAY3WW5.jpg', '3M Company', NULL, NULL, NULL, NULL, NULL, NULL, NULL, 'تخزينها في مكان جاف', 1, '2024-07-06 20:54:38', '2024-07-08 13:20:56'),
(32, 'Blood Pressure Monitor - جهاز قياس ضغط الدم', 'جهاز لقياس ضغط الدم', 4, 'germany', 'products_images/01J29JE2EQXFKA8G964AFTPD7R.jpg', 'Braun', NULL, NULL, NULL, NULL, NULL, NULL, NULL, 'احفظه في درجة حرارة الغرفة', 1, '2024-07-06 20:58:33', '2024-07-08 13:22:07'),
(33, 'Syringes - سرنجات', 'محاقن يمكن التخلص منها للحقن ،الحجم 3 مل', 4, 'india', 'products_images/01J29JJABRS3KCBH0QCDXZ93C5.jpg', 'Hindustan Syringes', NULL, NULL, NULL, NULL, NULL, NULL, NULL, 'تخزين في مكان بارد وجاف', 1, '2024-07-06 21:04:21', '2024-07-08 13:24:26'),
(34, 'Ibuprofen ', 'الإيبوبروفين هو دواء مضاد للالتهابات غير الستيرويدية (NSAID) يستخدم لتخفيف الألم وتقليل الحمى وتقليل الالتهاب.', 9, 'united_states', 'products_images/01J258FQQ5RAWX9MQZFX8BAP87.jpg', 'Advil (Pfizer Inc.)', 'عقار مضاد للالتهابات غير الستيرويدية', 'Ibuprofen - ايبوبروفين', NULL, NULL, 'من المحتمل حدوث اضطراب في الجهاز الهضمي، قرح، قصور كلوي عند تناول جرعات عالية، تفاعلات حساسية', NULL, NULL, 'يحفظ في درجة حرارة الغرفة، بعيداً عن الضوء والرطوبة', 1, '2024-07-06 21:11:18', '2024-07-08 14:09:40'),
(35, 'Piroxicam - بيروكسيكام', 'بيروكسيكام هو دواء مضاد للالتهابات غير الستيرويدية (NSAID) يستخدم لتخفيف الألم والالتهاب في حالات مثل هشاشة العظام والتهاب المفاصل الروماتويدي.', 9, 'italy', 'products_images/01J29N957YKE33DAPJQAKZ1JXS.jpg', 'Brexin', 'عقار مضاد للالتهابات غير الستيرويدية', 'Piroxicam - بيروكسيكام', NULL, NULL, 'وتشمل الآثار الجانبية الشائعة اضطراب الجهاز الهضمي، والدوخة، والصداع، وتفاعلات الجلد. يمكن أن تشمل الآثار الجانبية الأكثر خطورة نزيف الجهاز الهضمي، والقصور الكلوي، وتأثيرات القلب والأوعية الدموية', NULL, NULL, 'تخزين في درجة حرارة الغرفة بعيدا عن الرطوبة والحرارة', 1, '2024-07-06 21:19:34', '2024-07-08 14:11:52'),
(36, 'Diclofenac - ديكلوفيناك', 'ديكلوفيناك هو أحد مضادات الالتهاب غير الستيروئيدية يستخدم لعلاج الألم والالتهابات في حالات مثل التهاب المفاصل والنقرس الحاد وآلام ما بعد العمليات الجراحية.', 9, 'germany', 'products_images/01J29ND0S9XJANHZTMDW9G79XH.png', 'Voltaren (Novartis)', 'عقار مضاد للالتهابات غير الستيرويدية', 'Diclofenac - ديكلوفيناك', NULL, NULL, 'وتشمل الآثار الجانبية الشائعة اضطراب الجهاز الهضمي، والدوخة، والصداع، والطفح الجلدي. يمكن أن تشمل الآثار الجانبية الخطيرة نزيف الجهاز الهضمي، والقصور الكلوي، وتأثيرات القلب والأوعية الدموية', NULL, NULL, 'تخزين في درجة حرارة الغرفة بعيدا عن الرطوبة والحرارة', 1, '2024-07-06 21:27:35', '2024-07-08 14:13:58'),
(37, 'Naproxen - نابروكسين', 'نابروكسين هو أحد مضادات الالتهاب غير الستيروئيدية يستخدم لعلاج الألم والالتهابات في حالات مثل التهاب المفاصل وتشنجات الدورة الشهرية والنقرس الحاد.', 9, 'germany', 'products_images/01J29NGAPT7BM7XAP8H3XM58R2.jpg', 'Aleve (Bayer AG)', 'عقار مضاد للالتهابات غير الستيرويدي', 'Naproxen - نابروكسين', NULL, NULL, 'وتشمل الآثار الجانبية الشائعة اضطراب الجهاز الهضمي، والدوخة، والصداع، واحتباس السوائل. يمكن أن تشمل الآثار الجانبية الخطيرة نزيف الجهاز الهضمي، والقصور الكلوي، وتأثيرات القلب والأوعية الدموية', NULL, NULL, 'تخزين في درجة حرارة الغرفة بعيدا عن الرطوبة والحرارة', 1, '2024-07-06 21:35:34', '2024-07-08 14:15:47'),
(38, 'Amoxicillin - أموكسيسيلين', 'الأموكسيسيلين هو مضاد حيوي من نوع البنسلين يستخدم لعلاج العدوى البكتيرية.', 10, 'india', 'products_images/01J29B38MZ60N000F70QDXE83W.jpg', 'Aurobindo Pharma', 'مضاد حيوي (بنسلين)', 'Amoxicillin - أموكسيسيلين', 'يعالج الأموكسيسيلين العدوى التي تسببها البكتيريا، مثل التهابات المسالك التنفسية، والتهابات الأذن، والتهابات المسالك البولية، والتهابات الجلد.', 'تتفاوت الجرعة بحسب الحالة والعمر؛ عادة ما تكون 250-500 ملغ كل 8 ساعات أو حسب توجيهات مقدم الرعاية الصحية.', 'تشمل الآثار الجانبية الشائعة الإسهال، والغثيان، والطفح الجلدي، وردود الفعل التحسسية (نادراً ما تكون شديدة).', NULL, NULL, 'يُحفظ في درجة حرارة الغرفة، ويُحمى من الضوء والرطوبة.', 1, '2024-07-06 21:48:35', '2024-07-08 11:13:53'),
(39, 'Azithromycin - أزيثروميسين', 'مضاد حيوي يستخدم لعلاج مختلف العدوى البكتيرية.', 10, 'india', 'products_images/01J29B4XSDY2ATRTS7S2AND88M.png', 'Zydus Cadila', 'مضاد حيوي (ماكرولايد)', 'Azithromycin dihydrate - أزيثرومايسين ثنائي هيدرات', 'يستخدم لعلاج التهابات الجهاز التنفسي، والتهابات الجلد،.', NULL, 'الآثار الجانبية الشائعة تشمل الغثيان، والقيء، وآلام البطن.', 'الحساسية المعروفة تجاه مضادات البكتيريا من نوع الماكروليدات.', NULL, 'يُحفظ في درجة حرارة الغرفة (15-30 درجة مئوية).', 1, '2024-07-06 21:56:04', '2024-07-08 11:14:47'),
(40, 'Clarithromycin - كلاريثروميسين', 'مضاد حيوي يستخدم لعلاج مختلف العدوى البكتيرية.', 10, 'united_states', 'products_images/01J29B7Y4MAGQ4DPHDWRP0TSKY.jpg', 'Abbott Laboratories', 'مضاد حيوي (ماكرولايد)', 'Clarithromycin - كلاريثروميسين', 'التهابات الجهاز التنفسي، التهابات الجلد.', NULL, 'غالبًا ما تشمل اضطرابات الجهاز الهضمي وردود الفعل التحسسية.', 'الحساسية لمضادات البكتيريا من نوع الماكروليدات.', NULL, 'يُحفظ في درجة حرارة الغرفة (15-30 درجة مئوية).', 1, '2024-07-06 22:00:39', '2024-07-08 11:16:26'),
(41, 'Doxycycline - الدوكسيسيكلين', 'مضاد حيوي يستخدم لعلاج العدوى البكتيرية.', 10, 'india', 'products_images/01J29B84RAPAG20V3YD2D19XZG.webp', 'Lupin Pharmaceuticals', 'مضاد حيوي (تتراسيكلين)', 'Doxycycline hyclate - دوكسي سيكلين هيكلات', NULL, NULL, 'قد يسبب الغثيان، الإسهال، والحساسية للضوء.', 'الحساسية لمضادات البكتيريا من نوع التتراسيكلينات.', NULL, 'يُحفظ في درجة حرارة الغرفة (15-30 درجة مئوية).', 1, '2024-07-06 22:08:22', '2024-07-08 11:16:33'),
(42, 'Levofloxacin - ليفوفلوكساسين', 'مضاد حيوي يُستخدم لعلاج العدوى البكتيرية.', 10, 'india', 'products_images/01J29B8GN24HW10RNHYPHNHHAQ.jpg', 'Lupin Pharmaceuticals', 'مضاد حيوي (الفلوروكينولون)', 'Levofloxacin - ليفوفلوكساسين', 'التهابات الجهاز التنفسي، التهابات المسالك البولية، والتهابات الجلدية', NULL, 'تشمل الآثار الجانبية الاضطرابات المعوية، الدوار، وتمزق الأوتار (نادرًا ما يحدث).', NULL, NULL, 'يُحفظ في درجة حرارة الغرفة (15-30 درجة مئوية).', 1, '2024-07-06 22:13:35', '2024-07-08 11:16:45'),
(43, 'Fit Me Foundation - مؤسسة فيت مي', 'أساس خفيف يعطي لمسة مطفية ويقلل من حجم المسام لمظهر طبيعي', 7, 'united_states', 'products_images/01J29GG6KF7FKC0JG30XW6WSBP.webp', 'Maybelline', 'كريم أساس سائل', NULL, NULL, NULL, NULL, NULL, NULL, 'يُحفظ في درجة حرارة الغرفة.', 1, '2024-07-07 11:20:15', '2024-07-08 12:48:20'),
(44, 'NARS Orgasm Blush - نارس أورجازم أحمر الخدود', 'بلاشر يحظى بشعبية كبيرة، معروف بلونه الوردي المشمشي واللمعان الناعم الذي يمنح خدوداً مظهراً طبيعياً مشرقاً.', 7, 'united_states', 'products_images/01J26SFM27HA5NBVA58K8RBRH8.jpg', 'NARS Cosmetics', 'بودرة أحمر الخدود', NULL, NULL, NULL, NULL, NULL, NULL, 'يُحفظ في مكان بارد وجاف.', 1, '2024-07-07 11:27:35', '2024-07-08 12:53:35'),
(45, 'Urban Decay Naked Eyeshadow Palette - لوحة ظلال العيون من Urban Decay', 'باليت ظلال عيون يتضمن مجموعة من الظلال الطبيعية، وغالباً ما يشمل تشطيبات مطفية ولامعة', 7, 'united_states', 'products_images/01J29GXFDPD7ER65JHMGBE2GSF.jpg', 'Urban Decay', 'لوحة ظلال عيون', NULL, NULL, NULL, NULL, NULL, NULL, 'يُحفظ في مكان بارد وجاف.', 1, '2024-07-07 11:32:04', '2024-07-08 12:55:35'),
(46, 'Clinique Even Better - كلينيك ايفين بيتير', 'كريم أساس مصمم لتحسين لون البشرة وتقليل البقع الداكنة', 7, 'united_states', 'products_images/01J29H2NVJT7SKTM5HHV45MRYQ.jpg', 'Clinique', 'كريم أساس سائل', NULL, NULL, NULL, NULL, NULL, NULL, 'يُحفظ في درجة حرارة الغرفة.', 1, '2024-07-07 11:39:01', '2024-07-08 12:58:25'),
(47, 'NYX Professional Makeup Setting', 'رذاذ مثبت يساعد على تثبيت المكياج في مكانه للحصول على لمسة نهائية تدوم طويلاً', 7, 'united_states', 'products_images/01J29H788R5AKNFWDQP7AA6PBP.jpg', 'NYX Professional Makeup', 'بخاخ مثبت', NULL, NULL, NULL, NULL, NULL, NULL, 'يُخزن بعيدًا عن أشعة الشمس المباشرة', 1, '2024-07-07 11:43:30', '2024-07-08 13:01:30'),
(48, 'Purell - بيورل', 'علامة تجارية لمطهر اليدين معروفة بتركيبتها الكحولية التي تقتل الجراثيم والبكتيريا', 8, 'united_states', 'products_images/01J29NPDN0PYTXS1Z8QJN2RZFG.webp', 'Gojo Industries, Inc', 'مطهر لليدين', 'Ethanol or isopropyl alcohol - الإيثانول أو كحول الأيزوبروبيل', NULL, NULL, NULL, NULL, NULL, 'تخزينها في مكان بارد وجيد التهوية', 1, '2024-07-07 11:51:36', '2024-07-08 14:19:06'),
(49, 'Crest Toothpaste - معجون أسنان كريست', 'معجون أسنان كرست هو معجون أسنان بالفلورايد مصمم لنظافة الأسنان ومنع التسوس وتقوية المينا.', 8, 'united_states', 'products_images/01J29NVE41S3X5EZ2RWRGH4BZT.jpg', 'Procter & Gamble', 'معجون أسنان', 'Fluoride - الفلورايد', NULL, NULL, NULL, NULL, NULL, 'يحفظ في درجة حرارة الغرفة', 1, '2024-07-07 11:54:29', '2024-07-08 14:21:51'),
(50, 'Toothbrush - فرشاة الأسنان', 'فرشاة الأسنان هي أداة نظافة الفم المستخدمة لتنظيف الأسنان واللثة', 8, 'united_states', 'products_images/01J29NYVCR4H5V3QDBFFQMMPVC.webp', 'Johnson & Johnson', 'فرشاة أسنان', NULL, NULL, NULL, NULL, NULL, NULL, 'تحفظ في مكان نظيف وجاف', 0, '2024-07-07 12:00:42', '2024-07-08 14:23:43'),
(51, 'ELVIVE Shampoo - شامبو الفيف', 'شامبو معروفة بتركيباته للعناية بالشعر والتي تستهدف مختلف أنواع الشعر واهتماماته', 8, 'france', 'products_images/01J29P32C17AJ11G7MYCB4TH30.jpg', 'L\'Oréal', 'شامبو للشعر', NULL, NULL, NULL, NULL, NULL, NULL, 'احفظه في درجة حرارة الغرفة', 1, '2024-07-07 12:04:13', '2024-07-08 14:26:01'),
(52, 'Paracetamol - باراسيتامول', 'الباراسيتامول هو مسكن مؤلمات (لتخفيف الألم) ومضاد للحمى (لخفض الحمى) يستخدم على نطاق واسع. يُعتبر آمنًا وفعالًا عند استخدامه بالجرعات الموصى بها.', 5, 'germany', 'products_images/01J29EJK8CDEK0QPY15BZH67QK.jpg', 'Bayer AG', NULL, 'Acetaminophen - أسيتامينوفين', 'يُستخدم الباراسيتامول لتخفيف الألم الخفيف إلى المعتدل (مثل الصداع، آلام الأسنان، آلام الحيض) ولخفض درجة الحرارة.', 'الجرعة النموذجية للبالغين هي 500-1000 ملغ كل 4-6 ساعات حسب الحاجة، مع حد أقصى من 4000 ملغ في ال24 ساعة.', 'الآثار الجانبية الشائعة قد تشمل الغثيان، آلام في المعدة، أو طفح جلدي. الآثار الجانبية الخطيرة نادرة ولكن قد تشمل ضرراً للكبد عند تناول جرعات عالية.', 'لا يجب استخدام الباراسيتامول في حالات الأمراض الكبدية الشديدة أو في حال وجود تاريخ من ردود الفعل التحسسية تجاه الباراسيتامول.', NULL, 'يُحفظ في درجة حرارة الغرفة (أقل من 25 درجة مئوية)، بعيدًا عن الرطوبة والحرارة.', 1, '2024-07-07 21:13:42', '2024-07-08 12:14:41'),
(53, 'Crocin - كروسين', 'كروسين هو علامة تجارية مشهورة للباراسيتامول في الهند، معروفة بفعاليتها في تخفيف الألم وخفض درجة الحرارة.', 5, 'india', 'products_images/01J29EV6X44N01CPJWFFKX54W7.jpg', 'GlaxoSmithKline Pharmaceuticals Ltd', NULL, 'Acetaminophen - أسيتامينوفين', 'كروسين مُشير إليه لتخفيف الألم الخفيف إلى المعتدل وخفض درجة الحرارة.', 'الجرعة النموذجية للبالغين هي 500-1000 ملغ كل 4-6 ساعات حسب الحاجة، مع حد أقصى من 4000 ملغ في ال24 ساعة.', 'الآثار الجانبية الشائعة قد تشمل الغثيان، الاضطرابات المعوية، أو طفح جلدي. الآثار الجانبية الخطيرة مثل ضرر الكبد نادرة ولكن يمكن أن تحدث مع الجرعات الزائدة.', 'يجب تجنب استخدام كروسين في الأشخاص الذين يعانون من أمراض الكبد الشديدة أو الحساسية المعروفة تجاه الباراسيتامول.', NULL, 'يجب تخزين كروسين في درجة حرارة الغرفة (أقل من 25 درجة مئوية)، في مكان جاف بعيداً عن أشعة الشمس المباشرة.', 1, '2024-07-07 21:26:56', '2024-07-08 12:19:23'),
(54, 'Olmesartan - أولميسارتان', 'أولميسارتان هو ARB يستخدم لعلاج ارتفاع ضغط الدم. وهو يعمل بشكل مشابه للوسارتان عن طريق استرخاء الأوعية الدموية لخفض ضغط الدم', 1, 'japan', 'products_images/01J29KS3S07KFMQQS92BMV1ZNE.jpg', 'Daiichi Sankyo', NULL, 'Losartan potassium - لوسارتان بوتاسيوم', NULL, NULL, 'قد تشمل الدوخة والإسهال والصداع والتهابات الجهاز التنفسي العلوي', NULL, NULL, 'يحفظ في درجة حرارة الغرفة (25 درجة مئوية)، بعيداً عن الضوء والرطوبة', 1, '2024-07-07 21:35:40', '2024-07-08 13:45:37'),
(55, 'Fluoxetine - فلوكستين', 'فلوكستين هو مضاد للاكتئاب SSRI يستخدم لعلاج اضطراب الاكتئاب الشديد، واضطراب الهلع، واضطراب الوسواس القهري (OCD)، والشره العصبي.', 1, 'united_kingdom', 'products_images/01J29KXE3B8SCMMDA6SP7HC4G4.jpg', 'Various pharmaceutical companies', 'مثبط امتصاص السيروتونين الانتقائي (SSRI)', 'Sertraline hydrochloride - سيرترالين هيدروكلوريد', NULL, NULL, 'وتشمل الآثار الجانبية الشائعة الغثيان والصداع والأرق والعجز الجنسي', NULL, NULL, 'تخزين في درجة حرارة الغرفة بعيدا عن الرطوبة والحرارة', 1, '2024-07-07 21:42:26', '2024-07-08 13:47:59'),
(56, 'Citalopram - سيتالوبرام', 'سيتالوبرام هو مضاد للاكتئاب SSRI يستخدم لعلاج الاكتئاب والحالات المرتبطة به', 1, 'united_kingdom', 'products_images/01J29M18QYT2AJ3R259KNJFSBS.jpg', 'Johnson & Johnson', 'مثبط امتصاص السيروتونين الانتقائي (SSRI)', 'Sertraline hydrochloride - سيرترالين هيدروكلوريد', NULL, NULL, 'تشمل الآثار الجانبية الشائعة النعاس وجفاف الفم والغثيان والعجز الجنسي', NULL, NULL, 'تخزين في درجة حرارة الغرفة بعيدا عن الرطوبة والحرارة', 1, '2024-07-07 21:48:16', '2024-07-08 13:50:05'),
(57, 'Crestor - كريستور', 'ينتمي عقار روسوفاستاتين إلى فئة أدوية الستاتين ويعمل عن طريق خفض مستويات الكوليسترول \"الضار\" (البروتين الدهني منخفض الكثافة، أو LDL) والدهون الثلاثية في الدم، مع زيادة مستويات الكوليسترول \"الجيد\" (البروتين الدهني عالي الكثافة، أو HDL)', 3, 'united_kingdom', 'products_images/01J29Q9WH8BVKSMSCSZM0D3P5K.jpg', 'AstraZeneca', 'ستاتين', 'Atorvastatin calcium - أتورفاستاتين كالسيوم', 'يستخدم لعلاج ارتفاع نسبة الكوليسترول وتقليل خطر الإصابة بالنوبات القلبية والسكتة الدماغية ومضاعفات القلب الأخرى لدى مرضى السكري أو أمراض القلب التاجية أو عوامل الخطر الأخرى', NULL, 'قد تشمل الآثار الجانبية الشائعة الصداع وآلام العضلات والضعف وآلام البطن والغثيان', NULL, NULL, 'تحفظ في درجة الحرارة الغرفة بعيدا عن الضوء والرطوبة', 1, '2024-07-07 21:55:03', '2024-07-08 14:47:13'),
(58, 'Zocor - زوكور', 'سيمفاستاتين هو عامل خافض للدهون يمنع تخليق الكوليسترول في الكبد، مما يساعد على خفض مستويات الكوليسترول في الدم.', 3, 'united_kingdom', 'products_images/01J29QEJMA2PB62R83JGFYN3PR.jpg', 'Merck & Co', 'ستاتين', 'Atorvastatin calcium - أتورفاستاتين كالسيوم', 'يستخدم لخفض الكولسترول الكلي المرتفع، والكولسترول LDL، والبروتين الدهني B، والدهون الثلاثية، ولزيادة الكولسترول HDL في المرضى الذين يعانون من فرط شحميات الدم الأولي أو اضطراب شحوم الدم المختلط', NULL, 'تشمل الآثار الجانبية الشائعة الصداع وآلام البطن والإمساك والغثيان وآلام العضلات', 'يجب تجنبه عند المرضى الذين يعانون من مرض الكبد النشط أو الارتفاعات المستمرة غير المبررة في اختبارات وظائف الكبد', NULL, 'تحفظ في درجة الحرارة الغرفة بعيدا عن الضوء والرطوبة', 1, '2024-07-07 21:58:57', '2024-07-08 14:49:47'),
(59, 'Venlafaxine - فينلافاكسين', 'فينلافاكسين هو مثبط لإعادة امتصاص السيروتونين والنورإبينفرين (SNRI) يستخدم لعلاج الاكتئاب واضطرابات القلق.', 3, 'india', 'products_images/01J29QMDN3N1CFZWJTQPJ3J4ZP.webp', 'Various manufacturers', 'مضاد للاكتئاب', 'Duloxetine hydrochloride - دولوكسيتين هيدروكلوريد', 'اضطراب الاكتئاب الشديد، اضطراب القلق العام، اضطراب القلق الاجتماعي، اضطراب الهلع', NULL, 'وتشمل الآثار الجانبية الشائعة الغثيان، والدوخة، والأرق، والعجز الجنسي', 'يمنع استخدامه في المرضى الذين يتناولون مثبطات MAO أو الذين يعانون من الجلوكوما ضيقة الزاوية غير المنضبطة', NULL, 'تخزين في درجة حرارة الغرفة بعيدا عن الرطوبة والحرارة', 1, '2024-07-07 22:04:02', '2024-07-08 14:52:58'),
(60, 'Fexofenadine - فيكسوفينادين', 'فيكسوفينادين هو مضاد للهستامين من الجيل الثاني معروف بخصائصه غير المهدئة وفعاليته في علاج حالات الحساسية', 2, 'united_states', 'products_images/01J29S4141K974Y42XAB023WNR.png', 'Sanofi', 'مضاد للهستامين', 'Cetirizine hydrochloride - سيتيريزين هيدروكلوريد', 'التهاب الأنف التحسسي', NULL, 'قد يسبب الصداع والغثيان', NULL, NULL, 'يحفظ في درجة حرارة الغرفة بعيداً عن الضوء والرطوبة', 1, '2024-07-08 15:18:58', '2024-07-08 15:24:33'),
(61, 'Desloratadine - ديسلوراتادين', 'ديسلوراتادين هو أحد مستقلبات اللوراتادين وهو معروف بقدرته على تخفيف أعراض الحساسية على المدى الطويل', 2, 'france', 'products_images/01J29SP5Q3VG25ENMNF4Q8QRQZ.jpg', 'Merck', 'مضاد للهستامين', 'Cetirizine hydrochloride - سيتيريزين هيدروكلوريد', 'التهاب الأنف', NULL, 'قد تشمل التعب، وجفاف الفم', NULL, NULL, 'يحفظ في درجة حرارة الغرفة بعيداً عن الرطوبة والحرارة', 1, '2024-07-08 15:28:53', '2024-07-08 15:30:55'),
(62, 'La Roche-Posay Toleriane Hydrating - مرطب لاروش بوزيه توليريان', 'تم تركيب منظف La Roche-Posay Toleriane المرطب اللطيف من المياه الحرارية البريبايوتيكية للتنظيف مع الحفاظ على الترطيب الطبيعي للبشرة', 6, 'france', 'products_images/01J29TE77HQ4PQJA5NQ7MVEY62.png', 'L\'Oréal Group', 'منظف للوجه', 'Glycerin - الجلسرين', 'تنظيف يومي للبشرة العادية إلى الدهنية.', NULL, 'نادرًا، قد يحدث تهيج خفيف للبشرة أو جفاف.', NULL, NULL, 'يحفظ في درجة حرارة الغرفة', 1, '2024-07-08 15:42:01', '2024-07-08 15:42:01'),
(63, 'Celecoxib - سيليكوكسيب', 'سيليكوكسيب هو مثبط لـ COX-2 يستخدم لتخفيف الألم والالتهاب', 9, 'united_kingdom', 'products_images/01J29TYMP2KRZAW23JM95MHG35.jpg', 'Merck & Co', 'مثبط إنزيم الأكسدة الحلقية الانتقائي', 'Ibuprofen - ايبوبروفين', NULL, NULL, 'زيادة خطر الإصابة بأمراض القلب والأوعية الدموية، واضطرابات الجهاز الهضمي', 'حساسية من السلفوناميدات، مرض القرحة الهضمية النشطة، قصور كلوي حاد', NULL, 'يحفظ في درجة حرارة الغرفة بعيداً عن الرطوبة والحرارة', 1, '2024-07-08 15:50:59', '2024-07-08 15:55:24'),
(64, 'Meloxicam - ميلوكسيكام', 'ميلوكسيكام هو دواء مضاد للالتهاب يستخدم لتخفيف الألم والالتهابات', 9, 'united_kingdom', 'products_images/01J29VFVP6WM3TRH4ZVW5CNC5E.jpg', 'Johnson & Johnson', 'دواء مضاد للالتهابات غير الستيرويدية', 'Ibuprofen - ايبوبروفين', NULL, NULL, 'اضطرابات الجهاز الهضمي، وزيادة خطر الإصابة بأمراض القلب والأوعية الدموية', 'الحساسية تجاه مضادات الالتهاب غير الستيروئيدية، مرض القرحة الهضمية النشطة، القصور الكلوي الحاد', NULL, 'يحفظ في درجة حرارة الغرفة بعيداً عن الرطوبة والحرارة', 1, '2024-07-08 16:00:23', '2024-07-08 16:00:23'),
(65, 'Minocycline Hydrochloride Capsules - كبسولات مينوسيكلين هيدروكلوريد', 'مينوسيكلين هو مضاد حيوي واسع الطيف يستخدم لعلاج الالتهابات البكتيرية المختلفة', 10, 'united_states', 'products_images/01J29W07EBTHQGVXMK9AJ2Y47B.jpg', 'Johnson & Johnson', 'مضاد حيوي (بنسلين)', 'Doxycycline hyclate - دوكسي سيكلين هيكلات', 'يستخدم لعلاج التهابات الجهاز التنفسي، والتهابات المسالك البولية، والتهابات الجلد، والأمراض المنقولة جنسيا التي تسببها الكائنات الحساسة', NULL, 'تشمل الآثار الجانبية الشائعة الغثيان والقيء والدوخة وتغيرات في تصبغ الجلد. وقد تشمل الآثار الجانبية النادرة ولكن الخطيرة تسمم الكبد وتفاعلات المناعة الذاتية', 'لا ينبغي استخدامه من قبل الأفراد الذين لديهم تاريخ من فرط الحساسية للتتراسيكلين', NULL, 'يخزن في درجة حرارة الغرفة التي يمكن التحكم فيها (20-25 درجة مئوية)', 1, '2024-07-08 16:09:19', '2024-07-08 16:09:19'),
(66, 'Clindamycin - الكليندامايسين', 'الكليندامايسين هو مضاد حيوي من نوع لينكوساميد يستخدم في المقام الأول لعلاج الالتهابات التي تسببها البكتيريا اللاهوائية وبعض البكتيريا إيجابية الجرام', 10, 'united_states', 'products_images/01J29W983RHAG2QA2MQXVNCTNE.jpg', 'Pfizer Inc', 'مضاد حيوي', 'Doxycycline hyclate - دوكسي سيكلين هيكلات', 'يستخدم لعلاج التهابات الجلد والأنسجة الرخوة، والتهابات داخل البطن، والتهابات الجهاز التنفسي', NULL, 'تشمل الآثار الجانبية الشائعة الإسهال والغثيان والقيء والطفح الجلدي، وتشمل الآثار الجانبية النادرة ولكن الخطيرة ردود فعل حساسية شديدة والتهاب القولون', 'لا ينبغي استخدامه لدى الأفراد الذين لديهم تاريخ من فرط الحساسية تجاه الكليندامايسين أو لينكومايسين', NULL, 'يخزن في درجة حرارة الغرفة التي يمكن التحكم فيها (20-25 درجة مئوية)', 1, '2024-07-08 16:14:15', '2024-07-08 16:14:15'),
(67, 'Caudalie Vinoperfect Radiance - كايدالي فينوبيرفيكت راديانس', 'يساعد هذا المصل على تفتيح البقع الداكنة بشكل واضح، وتوحيد لون البشرة، وتعزيز إشراقها', 7, 'france', 'products_images/01J29WRZYQPMFC2PH8E7AYP5BS.jpg', 'Caudalie', 'مصل', NULL, NULL, NULL, NULL, NULL, NULL, 'يحفظ في مكان بارد ومظلم', 1, '2024-07-08 16:22:51', '2024-07-08 16:22:51'),
(68, 'Sensodyne Pronamel - سنسوداين بروناميل', 'سنسوداين بروناميل مصمم لحماية مينا الأسنان وتوفير الحماية من التجويف', 8, 'united_kingdom', 'products_images/01J29XCT5ZWJ3Y1N5BQH71P329.png', 'GlaxoSmithKline', 'معجون أسنان', 'Fluoride - الفلورايد', NULL, NULL, NULL, NULL, NULL, 'يحفظ في درجة حرارة الغرفة', 1, '2024-07-08 16:33:40', '2024-07-08 16:33:40'),
(69, 'Colgate Total SF - كولجيت توتال SF', 'يوفر كولجيت توتال إس إف صحة الفم بالكامل بما في ذلك الحماية لمدة 12 ساعة ضد البكتيريا', 8, 'united_states', 'products_images/01J29XPY1X6FC18PJFQY4KDJ7C.png', 'Colgate-Palmolive', 'معجون أسنان', 'Fluoride - الفلورايد', NULL, NULL, NULL, NULL, NULL, 'يحفظ في مكان بارد وجاف', 1, '2024-07-08 16:39:12', '2024-07-08 16:39:12');

-- --------------------------------------------------------

--
-- Table structure for table `product_measurement_units`
--

CREATE TABLE `product_measurement_units` (
  `id` bigint(20) UNSIGNED NOT NULL,
  `measurement_units_id` bigint(20) UNSIGNED NOT NULL,
  `product_id` bigint(20) UNSIGNED NOT NULL,
  `quantity` varchar(255) NOT NULL,
  `price` decimal(10,2) NOT NULL,
  `created_at` timestamp NULL DEFAULT NULL,
  `updated_at` timestamp NULL DEFAULT NULL
) ENGINE=InnoDB DEFAULT CHARSET=utf8mb4 COLLATE=utf8mb4_unicode_ci;

--
-- Dumping data for table `product_measurement_units`
--

INSERT INTO `product_measurement_units` (`id`, `measurement_units_id`, `product_id`, `quantity`, `price`, `created_at`, `updated_at`) VALUES
(1, 5, 1, 'قطعة واحدة', 0.30, '2024-07-06 14:42:40', '2024-07-08 11:41:36'),
(2, 5, 2, 'قطعة واحدة', 0.30, '2024-07-06 14:44:17', '2024-07-08 11:44:16'),
(3, 5, 3, 'قطعة واحدة', 1.00, '2024-07-06 14:45:38', '2024-07-08 11:50:49'),
(4, 5, 4, 'قطعة واحدة', 8.00, '2024-07-06 14:47:10', '2024-07-08 11:52:46'),
(5, 6, 5, 'كرتون يحتوي على 100 قطعة', 20.00, '2024-07-06 14:48:55', '2024-07-08 11:56:57'),
(6, 5, 6, 'قطعة واحدة', 5.00, '2024-07-06 14:50:30', '2024-07-08 12:00:44'),
(7, 5, 7, 'قطعة واحدة', 8.00, '2024-07-06 14:51:23', '2024-07-08 12:02:43'),
(8, 2, 8, 'علبة تحتوي على 400 كبسولة', 20.00, '2024-07-06 14:56:23', '2024-07-08 12:08:36'),
(9, 5, 9, 'قطعة واحدة', 20.00, '2024-07-06 14:57:03', '2024-07-08 12:11:35'),
(10, 1, 10, 'باكت يحتوي 3 اشرطة', 150.00, '2024-07-06 15:17:34', '2024-07-08 13:30:03'),
(11, 4, 10, 'شريط يحتوي على 10 اقراص', 50.00, '2024-07-06 15:18:43', '2024-07-08 13:30:17'),
(12, 1, 11, 'باكت يحتوي 10 اشرطة', 10.00, '2024-07-06 15:48:12', '2024-07-08 13:35:17'),
(13, 4, 11, 'شريط يحتوي على 10 اقراص', 1.00, '2024-07-06 15:48:50', '2024-07-08 13:35:33'),
(14, 1, 12, 'باكت يحتوي 50 اشرطة', 25.00, '2024-07-06 16:05:15', '2024-07-08 13:38:56'),
(15, 4, 12, 'شريط يحتوي على 10 اقراص', 0.50, '2024-07-06 16:10:04', '2024-07-08 13:39:09'),
(16, 1, 13, 'باكت يحتوي 2 اشرطة', 16.00, '2024-07-06 16:25:11', '2024-07-08 13:41:29'),
(17, 4, 13, 'شريط يحتوي على 14 قرص', 8.00, '2024-07-06 16:25:54', '2024-07-08 13:41:57'),
(18, 1, 14, 'باكت يحتوي 10 اشرطة', 20.00, '2024-07-06 16:36:37', '2024-07-08 13:43:42'),
(19, 4, 14, 'شريط يحتوي على 15 قرص', 2.00, '2024-07-06 16:37:00', '2024-07-08 13:43:59'),
(20, 1, 15, 'باكت يحتوي 3 اشرطة', 9.00, '2024-07-06 18:31:29', '2024-07-08 14:31:08'),
(21, 4, 15, 'شريط يحتوي على 10 اقراص', 3.00, '2024-07-06 18:32:27', '2024-07-08 14:31:20'),
(22, 1, 16, 'باكت يحتوي 10 اشرطة', 10.00, '2024-07-06 18:47:01', '2024-07-08 14:33:24'),
(23, 4, 16, 'شريط يحتوي على 10 اقراص', 1.00, '2024-07-06 18:48:25', '2024-07-08 14:33:41'),
(24, 1, 17, 'باكت يحتوي 2 اشرطة', 10.00, '2024-07-06 18:59:48', '2024-07-08 14:37:23'),
(25, 4, 17, 'شريط يحتوي على 14 قرص', 5.00, '2024-07-06 19:00:10', '2024-07-08 14:37:35'),
(26, 2, 18, 'علبة تحتوي على 30 كبسولة', 15.00, '2024-07-06 19:07:12', '2024-07-08 14:41:53'),
(27, 1, 19, 'باكت يحتوي 2 اشرطة', 10.00, '2024-07-06 19:17:36', '2024-07-08 14:44:23'),
(28, 4, 19, 'شريط يحتوي على 14 قرص', 5.00, '2024-07-06 19:17:51', '2024-07-08 14:45:32'),
(29, 1, 20, 'باكت يحتوي 6 اشرطة', 18.00, '2024-07-06 19:32:17', '2024-07-08 12:25:10'),
(30, 4, 20, 'شريط يحتوي على 10 اقراص', 3.00, '2024-07-06 19:32:33', '2024-07-08 12:25:22'),
(31, 1, 21, 'باكت يحتوي 3 اشرطة', 30.00, '2024-07-06 19:38:52', '2024-07-08 12:28:11'),
(32, 4, 21, 'شريط يحتوي على 10 اقراص', 10.00, '2024-07-06 19:39:08', '2024-07-08 12:28:23'),
(33, 1, 22, 'باكت يحتوي 10 اشرطة', 20.00, '2024-07-06 19:45:21', '2024-07-08 12:31:47'),
(34, 4, 22, 'شريط يحتوي على 10 اقراص', 2.00, '2024-07-06 19:45:52', '2024-07-08 12:32:00'),
(35, 1, 23, 'باكت يحتوي 10 اشرطة', 50.00, '2024-07-06 19:54:42', '2024-07-08 12:34:56'),
(36, 4, 23, 'شريط يحتوي على 10 اقراص', 5.00, '2024-07-06 19:54:57', '2024-07-08 12:35:08'),
(37, 1, 24, 'باكت يحتوي 20 شريط', 20.00, '2024-07-06 20:06:57', '2024-07-08 12:37:56'),
(38, 4, 24, 'شريط يحتوي على 30 قرص', 1.00, '2024-07-06 20:07:10', '2024-07-08 12:38:23'),
(39, 2, 25, 'علبة تحتوي على 453 غرام', 10.00, '2024-07-06 20:19:38', '2024-07-08 11:23:27'),
(40, 2, 26, 'علبة تحتوي على 48 غرام', 15.00, '2024-07-06 20:23:38', '2024-07-08 11:26:11'),
(41, 2, 27, 'علبة تحتوي على 453 غرام', 15.00, '2024-07-06 20:28:20', '2024-07-08 11:28:43'),
(42, 2, 28, 'علبة تحتوي على 75 مل', 30.00, '2024-07-06 20:32:56', '2024-07-08 11:31:34'),
(43, 2, 29, 'علبة تحتوي على 500 مل', 17.00, '2024-07-06 20:39:16', '2024-07-08 11:33:49'),
(44, 5, 30, 'زوج واحد', 0.20, '2024-07-06 20:51:09', '2024-07-08 13:18:54'),
(45, 5, 31, 'قطعة واحدة', 0.20, '2024-07-06 20:55:40', '2024-07-08 13:20:29'),
(46, 5, 32, 'قطعة واحدة', 35.00, '2024-07-06 21:01:30', '2024-07-08 13:22:26'),
(47, 5, 33, 'قطعة واحدة', 0.10, '2024-07-06 21:05:53', '2024-07-08 13:24:40'),
(48, 2, 34, 'علبة تحتوي على 100 قرص', 5.00, '2024-07-06 21:14:35', '2024-07-08 14:10:12'),
(49, 1, 35, 'باكت يحتوي 3 اشرطة', 15.00, '2024-07-06 21:20:45', '2024-07-08 14:12:08'),
(50, 4, 35, 'شريط يحتوي على 10 اقراص', 5.00, '2024-07-06 21:21:06', '2024-07-08 14:12:18'),
(51, 1, 36, 'باكت يحتوي 10 اشرطة', 20.00, '2024-07-06 21:28:12', '2024-07-08 14:14:08'),
(52, 4, 36, 'شريط يحتوي على 10 اقراص', 2.00, '2024-07-06 21:29:20', '2024-07-08 14:14:23'),
(53, 1, 37, 'باكت يحتوي 10 اشرطة', 30.00, '2024-07-06 21:36:52', '2024-07-08 14:16:01'),
(54, 4, 37, 'شريط يحتوي على 15 قرص', 3.00, '2024-07-06 21:37:15', '2024-07-08 14:16:19'),
(55, 1, 38, 'علبة تحتوي على شريط واحد به 12 قرص', 10.00, '2024-07-06 21:50:45', '2024-07-08 10:52:17'),
(56, 1, 39, 'باكت يحتوي 10 اشرطة', 20.00, '2024-07-06 21:57:06', '2024-07-08 11:02:38'),
(57, 4, 39, 'شريط يحتوي على 3 اقراص', 2.00, '2024-07-06 21:57:26', '2024-07-08 11:03:08'),
(58, 1, 40, 'باكت يحتوي 2 اشرطة', 20.00, '2024-07-06 22:01:24', '2024-07-08 11:05:42'),
(59, 4, 40, 'شريط يحتوي على 7 اقراص', 10.00, '2024-07-06 22:01:38', '2024-07-08 11:06:21'),
(60, 1, 41, 'باكت يحتوي 10 اشرطة', 20.00, '2024-07-06 22:09:30', '2024-07-08 11:08:11'),
(61, 4, 41, 'شريط يحتوي على 10 اقراص', 2.00, '2024-07-06 22:09:43', '2024-07-08 11:08:26'),
(62, 1, 42, 'باكت يحتوي 10 اشرطة', 30.00, '2024-07-06 22:14:11', '2024-07-08 11:10:45'),
(63, 4, 42, 'شريط يحتوي على 10 اقراص', 3.00, '2024-07-06 22:14:23', '2024-07-08 11:11:20'),
(64, 3, 43, 'زجاجة 30 ملي', 10.00, '2024-07-07 11:23:56', '2024-07-08 12:48:10'),
(65, 5, 44, 'قطعة واحدة', 30.00, '2024-07-07 11:28:53', '2024-07-08 12:53:47'),
(66, 5, 45, 'قطعة واحدة', 40.00, '2024-07-07 11:32:42', '2024-07-08 12:55:47'),
(67, 2, 46, 'علبة تحتوي على 30 مل', 35.00, '2024-07-07 11:40:21', '2024-07-08 12:59:15'),
(68, 2, 47, 'علبة تحتوي على 50 مل', 12.00, '2024-07-07 11:44:19', '2024-07-08 13:01:24'),
(69, 2, 48, 'علبة تحتوي على 354 مل', 5.00, '2024-07-07 12:09:15', '2024-07-08 14:19:53'),
(70, 2, 51, 'علبة تحتوي على 375 مل', 8.00, '2024-07-07 12:10:37', '2024-07-08 14:26:43'),
(71, 5, 50, 'قطعة واحدة', 0.60, '2024-07-07 12:12:37', '2024-07-08 14:24:00'),
(72, 2, 49, 'علبة تحتوي على 232 غرام', 2.00, '2024-07-07 12:14:13', '2024-07-08 14:22:06'),
(73, 1, 52, 'باكت يحتوي 10 اشرطة', 20.00, '2024-07-07 21:22:30', '2024-07-08 12:14:58'),
(74, 4, 52, 'شريط يحتوي على 10 اقراص', 2.00, '2024-07-07 21:22:49', '2024-07-08 12:15:10'),
(75, 1, 53, 'باكت يحتوي 10 اشرطة', 20.00, '2024-07-07 21:28:17', '2024-07-08 12:19:36'),
(76, 4, 53, 'شريط يحتوي على 15 اقراص', 2.00, '2024-07-07 21:28:32', '2024-07-08 12:19:51'),
(77, 2, 54, 'علبة تحتوي على 20/12.5 ملغ', 20.00, '2024-07-07 21:37:31', '2024-07-08 13:46:41'),
(78, 1, 55, 'باكت يحتوي 3 اشرطة', 30.00, '2024-07-07 21:44:02', '2024-07-08 13:48:21'),
(79, 4, 55, 'شريط يحتوي على 10 اقراص', 10.00, '2024-07-07 21:44:27', '2024-07-08 13:48:34'),
(80, 1, 56, 'باكت يحتوي 2 اشرطة', 10.00, '2024-07-07 21:49:17', '2024-07-08 13:50:20'),
(81, 4, 56, 'شريط يحتوي على 14 قرص', 5.00, '2024-07-07 21:49:31', '2024-07-08 13:50:39'),
(82, 2, 57, 'علبة تحتوي على 90 قرص', 20.00, '2024-07-07 21:56:29', '2024-07-08 14:47:46'),
(83, 2, 58, 'علبة تحتوي على 60 قرص', 15.00, '2024-07-07 21:59:48', '2024-07-08 14:51:05'),
(84, 1, 59, 'باكت يحتوي 10 اشرطة', 50.00, '2024-07-07 22:04:55', '2024-07-08 14:53:16'),
(85, 4, 59, 'شريط يحتوي على 10 اقراص', 5.00, '2024-07-07 22:05:10', '2024-07-08 14:53:29'),
(86, 2, 60, 'علبة تحتوي على 150 قرص', 18.00, '2024-07-08 15:23:24', '2024-07-08 15:24:10'),
(87, 1, 61, 'باكت يحتوي 10 اشرطة', 30.00, '2024-07-08 15:29:53', '2024-07-08 15:29:53'),
(88, 4, 61, 'شريط يحتوي على 10 اقراص', 3.00, '2024-07-08 15:30:09', '2024-07-08 15:30:26'),
(89, 2, 62, 'علبة تحتوي على 400 مل', 20.00, '2024-07-08 15:43:13', '2024-07-08 15:43:13'),
(90, 1, 63, 'باكت يحتوي 6 اشرطة', 24.00, '2024-07-08 15:53:56', '2024-07-08 15:53:56'),
(91, 4, 63, 'شريط يحتوي على 10 اقراص', 4.00, '2024-07-08 15:54:44', '2024-07-08 15:54:44'),
(92, 2, 64, 'علبة تحتوي على 100 قرص', 15.00, '2024-07-08 16:01:38', '2024-07-08 16:01:38'),
(93, 2, 65, 'علبة تحتوي على 100 كبسولة', 20.00, '2024-07-08 16:10:35', '2024-07-08 16:10:35'),
(94, 1, 66, 'باكت يحتوي 3 اشرطة', 15.00, '2024-07-08 16:15:53', '2024-07-08 16:15:53'),
(95, 4, 66, 'شريط يحتوي على 10 كبسولات', 5.00, '2024-07-08 16:16:16', '2024-07-08 16:16:16'),
(96, 3, 67, 'زجاجة 30 ملي', 20.00, '2024-07-08 16:25:15', '2024-07-08 16:25:15'),
(97, 2, 68, 'علبة تحتوي على 250 غرام', 5.00, '2024-07-08 16:36:31', '2024-07-08 16:36:31'),
(98, 2, 69, 'علبة تحتوي على 180 غرام', 3.00, '2024-07-08 16:40:12', '2024-07-08 16:40:12');

-- --------------------------------------------------------

--
-- Table structure for table `roles`
--

CREATE TABLE `roles` (
  `id` bigint(20) UNSIGNED NOT NULL,
  `name` varchar(255) NOT NULL,
  `guard_name` varchar(255) NOT NULL,
  `created_at` timestamp NULL DEFAULT NULL,
  `updated_at` timestamp NULL DEFAULT NULL
) ENGINE=InnoDB DEFAULT CHARSET=utf8mb4 COLLATE=utf8mb4_unicode_ci;

--
-- Dumping data for table `roles`
--

INSERT INTO `roles` (`id`, `name`, `guard_name`, `created_at`, `updated_at`) VALUES
(1, 'super_admin', 'web', '2024-07-02 07:02:41', '2024-07-02 07:02:41'),
(2, 'panel_user', 'web', '2024-07-02 07:02:42', '2024-07-02 07:02:42'),
(3, 'delivery', 'web', '2024-07-02 07:06:15', '2024-07-02 07:06:15'),
(4, 'content_manager', 'web', '2024-07-02 07:06:54', '2024-07-02 07:06:54');

-- --------------------------------------------------------

--
-- Table structure for table `role_has_permissions`
--

CREATE TABLE `role_has_permissions` (
  `permission_id` bigint(20) UNSIGNED NOT NULL,
  `role_id` bigint(20) UNSIGNED NOT NULL
) ENGINE=InnoDB DEFAULT CHARSET=utf8mb4 COLLATE=utf8mb4_unicode_ci;

--
-- Dumping data for table `role_has_permissions`
--

INSERT INTO `role_has_permissions` (`permission_id`, `role_id`) VALUES
(1, 1),
(1, 3),
(1, 4),
(2, 1),
(2, 4),
(3, 1),
(3, 4),
(4, 1),
(4, 4),
(5, 1),
(5, 4),
(6, 1),
(6, 4),
(7, 1),
(7, 4),
(8, 1),
(8, 4),
(9, 1),
(9, 4),
(10, 1),
(10, 4),
(11, 1),
(11, 4),
(12, 1),
(12, 4),
(13, 1),
(13, 4),
(14, 1),
(14, 4),
(15, 1),
(15, 4),
(16, 1),
(16, 4),
(17, 1),
(17, 4),
(18, 1),
(18, 4),
(19, 1),
(19, 4),
(20, 1),
(20, 4),
(21, 1),
(21, 4),
(22, 1),
(22, 4),
(23, 1),
(23, 4),
(24, 1),
(24, 4),
(25, 1),
(25, 4),
(26, 1),
(26, 4),
(27, 1),
(27, 4),
(28, 1),
(28, 4),
(29, 1),
(29, 4),
(30, 1),
(30, 4),
(31, 1),
(31, 4),
(32, 1),
(32, 4),
(33, 1),
(33, 4),
(34, 1),
(34, 4),
(35, 1),
(35, 4),
(36, 1),
(36, 4),
(37, 1),
(38, 1),
(39, 1),
(40, 1),
(41, 1),
(42, 1),
(43, 1),
(44, 1),
(45, 1),
(46, 1),
(47, 1),
(48, 1),
(49, 1),
(50, 1),
(51, 1),
(52, 1),
(53, 1),
(54, 1),
(55, 1),
(56, 1),
(57, 1),
(58, 1),
(59, 1),
(60, 1),
(61, 1),
(61, 3),
(61, 4),
(62, 1),
(62, 4),
(63, 1),
(63, 4),
(64, 1),
(64, 4),
(65, 1),
(65, 4),
(66, 1),
(66, 4),
(67, 1),
(67, 4),
(68, 1),
(68, 4),
(69, 1),
(69, 4),
(70, 1),
(70, 4),
(71, 1),
(71, 4),
(72, 1),
(72, 4),
(73, 1),
(73, 4),
(74, 1),
(74, 4),
(75, 1),
(75, 4),
(76, 1),
(76, 4),
(77, 1),
(77, 4),
(78, 1),
(78, 4),
(79, 1),
(79, 4),
(80, 1),
(80, 4),
(81, 1),
(81, 4),
(82, 1),
(82, 4),
(83, 1),
(83, 4),
(84, 1),
(84, 4),
(85, 1),
(85, 4),
(86, 1),
(86, 4),
(87, 1),
(87, 4),
(88, 1),
(88, 4),
(89, 1),
(89, 4),
(90, 1),
(90, 4),
(91, 1),
(91, 4),
(92, 1),
(92, 4),
(93, 1),
(93, 4),
(94, 1),
(94, 4),
(95, 1),
(95, 4),
(96, 1),
(96, 4),
(97, 1),
(98, 1),
(99, 1),
(100, 1),
(101, 1),
(102, 1),
(103, 1),
(104, 1),
(105, 1),
(106, 1),
(107, 1),
(108, 1),
(109, 1),
(110, 1),
(111, 1),
(112, 1),
(113, 1),
(114, 1),
(115, 1),
(116, 1),
(117, 1),
(118, 1),
(119, 1),
(120, 1),
(121, 1),
(122, 1),
(123, 1),
(124, 1),
(125, 1),
(126, 1),
(127, 1),
(127, 4),
(128, 1),
(128, 4),
(129, 1),
(129, 4),
(130, 1),
(130, 4),
(131, 1),
(131, 4);

-- --------------------------------------------------------

--
-- Table structure for table `role_user`
--

CREATE TABLE `role_user` (
  `role_id` bigint(20) UNSIGNED NOT NULL,
  `user_id` bigint(20) UNSIGNED NOT NULL,
  `user_type` varchar(255) NOT NULL
) ENGINE=InnoDB DEFAULT CHARSET=utf8mb4 COLLATE=utf8mb4_unicode_ci;

-- --------------------------------------------------------

--
-- Table structure for table `sessions`
--

CREATE TABLE `sessions` (
  `id` varchar(255) NOT NULL,
  `user_id` bigint(20) UNSIGNED DEFAULT NULL,
  `ip_address` varchar(45) DEFAULT NULL,
  `user_agent` text DEFAULT NULL,
  `payload` longtext NOT NULL,
  `last_activity` int(11) NOT NULL
) ENGINE=InnoDB DEFAULT CHARSET=utf8mb4 COLLATE=utf8mb4_unicode_ci;

--
-- Dumping data for table `sessions`
--

INSERT INTO `sessions` (`id`, `user_id`, `ip_address`, `user_agent`, `payload`, `last_activity`) VALUES
('Huo7YtkssH6Oz2pw2LT0x22m3PMAuzJO7VBQMDB0', NULL, '127.0.0.1', 'Mozilla/5.0 (Windows NT 10.0; Win64; x64) AppleWebKit/537.36 (KHTML, like Gecko) Chrome/126.0.0.0 Safari/537.36', 'YTo0OntzOjY6Il90b2tlbiI7czo0MDoiRk5sNHN0WmNLNW5nYVdNbUVieEFzM3FrU25xM3diNllvTDBtTFI3USI7czo2OiJfZmxhc2giO2E6Mjp7czozOiJvbGQiO2E6MDp7fXM6MzoibmV3IjthOjA6e319czozOiJ1cmwiO2E6MTp7czo4OiJpbnRlbmRlZCI7czozNzoiaHR0cDovLzEyNy4wLjAuMTo4MDAwL2FkbWluX2Rhc2hib2FyZCI7fXM6OToiX3ByZXZpb3VzIjthOjE6e3M6MzoidXJsIjtzOjI3OiJodHRwOi8vMTI3LjAuMC4xOjgwMDAvbG9naW4iO319', 1720976808),
('UVK9Dic12FQEfyHMQa1tYmrG2tNRyzQury5YIuD9', 1, '127.0.0.1', 'Mozilla/5.0 (Windows NT 10.0; Win64; x64) AppleWebKit/537.36 (KHTML, like Gecko) Chrome/126.0.0.0 Safari/537.36', 'YTo1OntzOjY6Il90b2tlbiI7czo0MDoiTDZPTnZxanRoYWtKNG9FcFp4Mk1PQ2V0aGgzQVVuR1RJN1BFOHRFbCI7czo5OiJfcHJldmlvdXMiO2E6MTp7czozOiJ1cmwiO3M6Mzk6Imh0dHA6Ly8xMjcuMC4wLjE6ODAwMC9wcm9kdWN0RGV0YWlscy8xMiI7fXM6NjoiX2ZsYXNoIjthOjI6e3M6Mzoib2xkIjthOjA6e31zOjM6Im5ldyI7YTowOnt9fXM6NTA6ImxvZ2luX3dlYl81OWJhMzZhZGRjMmIyZjk0MDE1ODBmMDE0YzdmNThlYTRlMzA5ODlkIjtpOjE7czoyMToicGFzc3dvcmRfaGFzaF9zYW5jdHVtIjtzOjYwOiIkMnkkMTIkYnlpLnhyWk5ZZWIzQVBteGRxdmdMLnN3bkJrbE1DaTRHVmdnZm5nenlHUDZnMUoyY1hxV08iO30=', 1721027603);

-- --------------------------------------------------------

--
-- Table structure for table `users`
--

CREATE TABLE `users` (
  `id` bigint(20) UNSIGNED NOT NULL,
  `name` varchar(255) NOT NULL,
  `last_name` varchar(255) DEFAULT NULL,
  `email` varchar(255) NOT NULL,
  `mobile` int(11) DEFAULT NULL,
  `gender` varchar(255) DEFAULT NULL,
  `status` tinyint(1) NOT NULL DEFAULT 1,
  `email_verified_at` timestamp NULL DEFAULT NULL,
  `password` varchar(255) NOT NULL,
  `two_factor_secret` text DEFAULT NULL,
  `two_factor_recovery_codes` text DEFAULT NULL,
  `two_factor_confirmed_at` timestamp NULL DEFAULT NULL,
  `remember_token` varchar(100) DEFAULT NULL,
  `current_team_id` bigint(20) UNSIGNED DEFAULT NULL,
  `profile_photo_path` varchar(2048) DEFAULT NULL,
  `created_at` timestamp NULL DEFAULT NULL,
  `updated_at` timestamp NULL DEFAULT NULL
) ENGINE=InnoDB DEFAULT CHARSET=utf8mb4 COLLATE=utf8mb4_unicode_ci;

--
-- Dumping data for table `users`
--

INSERT INTO `users` (`id`, `name`, `last_name`, `email`, `mobile`, `gender`, `status`, `email_verified_at`, `password`, `two_factor_secret`, `two_factor_recovery_codes`, `two_factor_confirmed_at`, `remember_token`, `current_team_id`, `profile_photo_path`, `created_at`, `updated_at`) VALUES
(1, 'Mutaz Asem', 'AL-Shahedi', 'mu@gmail.com', 774743134, 'Male', 1, '2024-07-02 07:00:43', '$2y$12$byi.xrZNYeb3APmxdqvgL.swnBklMCi4GVggfngzyGP6g1J2cXqWO', NULL, NULL, NULL, NULL, NULL, NULL, '2024-07-02 07:00:24', '2024-07-02 07:07:56'),
(2, 'Wael Mohideen', 'Youssef', 'wael@gmail.com', 778386677, 'Male', 1, '2024-07-06 10:03:19', '$2y$12$BdZPQH2WfMp8iFrs75zoIuXW/30KXLlJg4jPWjI5NUdsQ9D9wM4Aa', NULL, NULL, NULL, NULL, NULL, 'profile-photos/6730nkTSsEiibphZ50jEjSIRWtvsmIBbIIzKMIdJ.jpg', '2024-07-02 07:09:19', '2024-07-14 13:41:11'),
(3, 'Mohammed Taher', 'AL-Sofi', 'mohammed@gmail.com', 771114216, 'Male', 1, '2024-07-14 06:25:56', '$2y$12$hOGm91DaurC83wS66nRV5.XiLXP2Uex6NRg4YO2Ya0Ycb6wgmXfz2', NULL, NULL, NULL, NULL, NULL, NULL, '2024-07-02 07:10:23', '2024-07-14 06:25:56'),
(4, 'Mohideen', 'Shaher', 'Mohideen@gmail.com', 736190031, 'Male', 1, '2024-07-08 18:19:25', '$2y$12$gKtPDTV6hl/F/lgAQZT/Ju/c.E6z7lvJDftEbahuPnrG.WaWT9Iju', NULL, NULL, NULL, NULL, NULL, NULL, '2024-07-08 18:08:42', '2024-07-08 18:19:25'),
(5, 'Fahed', 'Rashed', 'fahed@gmail.com', 777777770, 'Male', 1, NULL, '$2y$12$jwBfl4ZX6sLEgFPxIC2DzuAzOYMCGOo4bf00oVTLo4sYMB7ga4EJC', NULL, NULL, NULL, NULL, NULL, NULL, '2024-07-08 18:10:24', '2024-07-08 18:10:24'),
(6, 'Qaseem Ali', 'Ali', 'qaseem@gmail.com', 733333330, 'Male', 1, NULL, '$2y$12$ve9vNiPWxdboP5hLM2aGhugFMFtrGDKX5Mj2OZZRPlelj6f1S98n2', NULL, NULL, NULL, NULL, NULL, NULL, '2024-07-08 18:25:09', '2024-07-08 18:25:09'),
(7, 'Mohammed hani', 'Homam', 'Mohammed_H@gmail.com', 733333331, 'Male', 1, NULL, '$2y$12$eQ1N2g0nasj5L2ll4leCvuDLiZN90ANfSOJe6kUCJKvqRR.rticdK', NULL, NULL, NULL, NULL, NULL, NULL, '2024-07-08 18:26:35', '2024-07-08 18:26:35'),
(8, 'Omar sam ', 'Sam', 'omar@gmail.com', 733333332, 'Male', 1, NULL, '$2y$12$En88zJvfjgC2j0sXbO7yvOUynftcVd3nqnIM6ps1tBSRfekbNR1t.', NULL, NULL, NULL, NULL, NULL, NULL, '2024-07-08 18:28:25', '2024-07-08 18:28:25'),
(9, 'Sami sam', 'Sallam', 'sami@gmail.com', 733333333, 'Male', 1, NULL, '$2y$12$hItHHlNmjiFUy7LEKDabiOKAdOz2s4xL.iPnF9bIFRwQeg7KFBuZC', NULL, NULL, NULL, NULL, NULL, NULL, '2024-07-08 18:29:14', '2024-07-08 18:29:14'),
(10, 'Kaled zain', 'Mazine', 'kaled@gmail.com', 733333334, 'Male', 1, NULL, '$2y$12$eLjNbCkIOm6HyNhOjwTqt.JDcoePbafSrJbYYsaayA04yUJtmY1iu', NULL, NULL, NULL, NULL, NULL, NULL, '2024-07-08 18:30:17', '2024-07-08 18:30:17'),
(11, 'Hamid Ameer', 'Ameer', 'Hamid@gmail.com', 711111110, 'Male', 1, NULL, '$2y$12$c4MesRR9A/ZNFw5aVOQCkuB/F2d3hqOGviuGmVZUB.I5lDQWWeuY6', NULL, NULL, NULL, NULL, NULL, NULL, '2024-07-08 18:58:02', '2024-07-08 18:58:02'),
(12, 'Mones naseer', 'Naseer', 'Mones@gmail.com', 711111111, 'Male', 0, NULL, '$2y$12$lPox0.1lajOS3YreDdsh2OKnGGA0FiQVlLhfkxTUGVQyvT.kLuHz2', NULL, NULL, NULL, NULL, NULL, NULL, '2024-07-08 19:00:08', '2024-07-08 19:13:58'),
(13, 'Kaater ramiz', 'Ramiz', 'Kaater@gmail.com', 711111112, 'Male', 1, NULL, '$2y$12$6E2VixuorJxI7uwCSy7rCuScMBETD8YMqNgLwFAm9J2IG.oEDbOre', NULL, NULL, NULL, NULL, NULL, NULL, '2024-07-08 19:01:25', '2024-07-08 19:01:25'),
(14, 'Jalal gameel', 'Gasem', 'Jalal@gmail.com', 711111113, 'Male', 1, NULL, '$2y$12$RHzYuafqcLcXJ/MwW8jPX.DdbYCmyaLFPeDbdg1/7OHX5pypb1JzW', NULL, NULL, NULL, NULL, NULL, NULL, '2024-07-08 19:04:41', '2024-07-08 19:04:41'),
(15, 'Ahmed saeed', 'Saeed', 'Ahmed@gmail.com', 711111114, 'Male', 1, NULL, '$2y$12$N6FfPr25433sIy8.82zpj.N60Rl1NMCpZXnHpTDAu/RuUQMlzzTTO', NULL, NULL, NULL, NULL, NULL, NULL, '2024-07-08 19:05:41', '2024-07-08 19:05:41'),
(16, 'Basheer zayd', 'Bander', 'B@gmail.com', 711111115, 'Male', 1, NULL, '$2y$12$K/pxxYCMuvaCzK9SAbWeseK1/2zKM3Zq8nXxaIJgkKB1lGxbopU1y', NULL, NULL, NULL, NULL, NULL, NULL, '2024-07-08 19:06:52', '2024-07-08 19:58:22'),
(17, 'Zain Mahmood', 'Zain', 'Z@gmail.com', 711111116, 'Male', 1, NULL, '$2y$12$wlG.IKh3yLQBx.nVJDAgrORrf6r87FcsN2NNZnofScO7p8GuvzUB.', NULL, NULL, NULL, NULL, NULL, NULL, '2024-07-08 19:07:52', '2024-07-08 19:07:52'),
(18, 'Rashaad Hadi', 'Naser', 'R@gmail.com', 711111117, 'Male', 0, NULL, '$2y$12$pQe3hMF.o/G.8aG2.oRixulVQA0sixyLuS8JPUNHqrPCaBai1D4hC', NULL, NULL, NULL, NULL, NULL, NULL, '2024-07-08 19:09:05', '2024-07-08 19:09:05'),
(19, 'Anees Sam', 'Azeez', 'A@gmail.com', 711111118, 'Male', 0, NULL, '$2y$12$Ww5ANWIVz9CMMiFDZ1SLIeXp9GsBc6vQvoHWmLDcifjFpeDU9Qk6O', NULL, NULL, NULL, NULL, NULL, NULL, '2024-07-08 19:10:23', '2024-07-08 19:15:39'),
(20, 'Moqbell', 'Heshame', 'Moqbell@gmail.com', 711111119, 'Male', 1, NULL, '$2y$12$oPEAtSwf1E2nbjFg9vePLeFf37K0GXArFW7K9gOYr.sjgkJgCq4zm', NULL, NULL, NULL, NULL, NULL, NULL, '2024-07-08 19:11:35', '2024-07-08 19:11:35'),
(21, 'Asem', 'Ali', 'asem@gmail.com', 772246776, 'Male', 1, '2024-07-12 11:08:14', '$2y$12$ndBZe9exgsXi9ChtvnOleeGlLCqxOXXxRncEEgLdwym.yf5qL92B2', NULL, NULL, NULL, NULL, NULL, NULL, '2024-07-12 11:07:38', '2024-07-12 11:08:14');

-- --------------------------------------------------------

--
-- Table structure for table `vehicle_details`
--

CREATE TABLE `vehicle_details` (
  `id` bigint(20) UNSIGNED NOT NULL,
  `plate_number` varchar(255) NOT NULL,
  `vehicle_type` enum('Car','Truck','Bus','Taxi','Bicycle','Motorcycle') NOT NULL,
  `delivery_id` bigint(20) UNSIGNED NOT NULL,
  `created_at` timestamp NULL DEFAULT NULL,
  `updated_at` timestamp NULL DEFAULT NULL
) ENGINE=InnoDB DEFAULT CHARSET=utf8mb4 COLLATE=utf8mb4_unicode_ci;

--
-- Dumping data for table `vehicle_details`
--

INSERT INTO `vehicle_details` (`id`, `plate_number`, `vehicle_type`, `delivery_id`, `created_at`, `updated_at`) VALUES
(1, '1-7623', 'Motorcycle', 6, '2024-07-08 18:41:04', '2024-07-08 18:41:04'),
(2, '1-33093', 'Motorcycle', 7, '2024-07-08 18:41:30', '2024-07-08 18:41:30'),
(3, '1-18482', 'Taxi', 8, '2024-07-08 18:42:08', '2024-07-08 18:42:08'),
(4, '1-177500', 'Car', 9, '2024-07-08 18:43:23', '2024-07-08 18:43:23'),
(5, 'non', 'Bicycle', 10, '2024-07-08 18:43:50', '2024-07-08 18:43:50');

--
-- Indexes for dumped tables
--

--
-- Indexes for table `addresses`
--
ALTER TABLE `addresses`
  ADD PRIMARY KEY (`id`),
  ADD KEY `addresses_user_id_foreign` (`user_id`);

--
-- Indexes for table `alternative_products`
--
ALTER TABLE `alternative_products`
  ADD PRIMARY KEY (`id`),
  ADD KEY `alternative_products_product_id_foreign` (`product_id`),
  ADD KEY `alternative_products_alternativ_product_id_foreign` (`alternativ_product_id`);

--
-- Indexes for table `articles`
--
ALTER TABLE `articles`
  ADD PRIMARY KEY (`id`),
  ADD KEY `articles_user_id_foreign` (`user_id`);

--
-- Indexes for table `categories`
--
ALTER TABLE `categories`
  ADD PRIMARY KEY (`id`),
  ADD KEY `categories_parent_id_foreign` (`parent_id`);

--
-- Indexes for table `failed_jobs`
--
ALTER TABLE `failed_jobs`
  ADD PRIMARY KEY (`id`),
  ADD UNIQUE KEY `failed_jobs_uuid_unique` (`uuid`);

--
-- Indexes for table `measruing_units`
--
ALTER TABLE `measruing_units`
  ADD PRIMARY KEY (`id`);

--
-- Indexes for table `migrations`
--
ALTER TABLE `migrations`
  ADD PRIMARY KEY (`id`);

--
-- Indexes for table `model_has_permissions`
--
ALTER TABLE `model_has_permissions`
  ADD PRIMARY KEY (`permission_id`,`model_id`,`model_type`),
  ADD KEY `model_has_permissions_model_id_model_type_index` (`model_id`,`model_type`);

--
-- Indexes for table `model_has_roles`
--
ALTER TABLE `model_has_roles`
  ADD PRIMARY KEY (`role_id`,`model_id`,`model_type`),
  ADD KEY `model_has_roles_model_id_model_type_index` (`model_id`,`model_type`);

--
-- Indexes for table `orders`
--
ALTER TABLE `orders`
  ADD PRIMARY KEY (`id`),
  ADD KEY `orders_client_id_foreign` (`client_id`),
  ADD KEY `orders_address_id_foreign` (`address_id`),
  ADD KEY `orders_delivery_id_foreign` (`delivery_id`);

--
-- Indexes for table `order_items`
--
ALTER TABLE `order_items`
  ADD PRIMARY KEY (`id`),
  ADD KEY `order_items_order_id_foreign` (`order_id`),
  ADD KEY `order_items_product_id_foreign` (`product_id`),
  ADD KEY `order_items_measurement_units_id_foreign` (`measurement_units_id`);

--
-- Indexes for table `password_reset_tokens`
--
ALTER TABLE `password_reset_tokens`
  ADD PRIMARY KEY (`email`);

--
-- Indexes for table `permissions`
--
ALTER TABLE `permissions`
  ADD PRIMARY KEY (`id`),
  ADD UNIQUE KEY `permissions_name_guard_name_unique` (`name`,`guard_name`);

--
-- Indexes for table `permission_role`
--
ALTER TABLE `permission_role`
  ADD PRIMARY KEY (`permission_id`,`role_id`),
  ADD KEY `permission_role_role_id_foreign` (`role_id`);

--
-- Indexes for table `permission_user`
--
ALTER TABLE `permission_user`
  ADD PRIMARY KEY (`user_id`,`permission_id`,`user_type`),
  ADD KEY `permission_user_permission_id_foreign` (`permission_id`);

--
-- Indexes for table `personal_access_tokens`
--
ALTER TABLE `personal_access_tokens`
  ADD PRIMARY KEY (`id`),
  ADD UNIQUE KEY `personal_access_tokens_token_unique` (`token`),
  ADD KEY `personal_access_tokens_tokenable_type_tokenable_id_index` (`tokenable_type`,`tokenable_id`);

--
-- Indexes for table `products`
--
ALTER TABLE `products`
  ADD PRIMARY KEY (`id`),
  ADD KEY `products_category_id_foreign` (`category_id`);

--
-- Indexes for table `product_measurement_units`
--
ALTER TABLE `product_measurement_units`
  ADD PRIMARY KEY (`id`),
  ADD KEY `product_measurement_units_measurement_units_id_foreign` (`measurement_units_id`),
  ADD KEY `product_measurement_units_product_id_foreign` (`product_id`);

--
-- Indexes for table `roles`
--
ALTER TABLE `roles`
  ADD PRIMARY KEY (`id`),
  ADD UNIQUE KEY `roles_name_guard_name_unique` (`name`,`guard_name`);

--
-- Indexes for table `role_has_permissions`
--
ALTER TABLE `role_has_permissions`
  ADD PRIMARY KEY (`permission_id`,`role_id`),
  ADD KEY `role_has_permissions_role_id_foreign` (`role_id`);

--
-- Indexes for table `role_user`
--
ALTER TABLE `role_user`
  ADD PRIMARY KEY (`user_id`,`role_id`,`user_type`),
  ADD KEY `role_user_role_id_foreign` (`role_id`);

--
-- Indexes for table `sessions`
--
ALTER TABLE `sessions`
  ADD PRIMARY KEY (`id`),
  ADD KEY `sessions_user_id_index` (`user_id`),
  ADD KEY `sessions_last_activity_index` (`last_activity`);

--
-- Indexes for table `users`
--
ALTER TABLE `users`
  ADD PRIMARY KEY (`id`),
  ADD UNIQUE KEY `users_email_unique` (`email`);

--
-- Indexes for table `vehicle_details`
--
ALTER TABLE `vehicle_details`
  ADD PRIMARY KEY (`id`),
  ADD KEY `vehicle_details_delivery_id_foreign` (`delivery_id`);

--
-- AUTO_INCREMENT for dumped tables
--

--
-- AUTO_INCREMENT for table `addresses`
--
ALTER TABLE `addresses`
  MODIFY `id` bigint(20) UNSIGNED NOT NULL AUTO_INCREMENT, AUTO_INCREMENT=14;

--
-- AUTO_INCREMENT for table `alternative_products`
--
ALTER TABLE `alternative_products`
  MODIFY `id` bigint(20) UNSIGNED NOT NULL AUTO_INCREMENT, AUTO_INCREMENT=19;

--
-- AUTO_INCREMENT for table `articles`
--
ALTER TABLE `articles`
  MODIFY `id` bigint(20) UNSIGNED NOT NULL AUTO_INCREMENT, AUTO_INCREMENT=12;

--
-- AUTO_INCREMENT for table `categories`
--
ALTER TABLE `categories`
  MODIFY `id` bigint(20) UNSIGNED NOT NULL AUTO_INCREMENT, AUTO_INCREMENT=11;

--
-- AUTO_INCREMENT for table `failed_jobs`
--
ALTER TABLE `failed_jobs`
  MODIFY `id` bigint(20) UNSIGNED NOT NULL AUTO_INCREMENT;

--
-- AUTO_INCREMENT for table `measruing_units`
--
ALTER TABLE `measruing_units`
  MODIFY `id` bigint(20) UNSIGNED NOT NULL AUTO_INCREMENT, AUTO_INCREMENT=7;

--
-- AUTO_INCREMENT for table `migrations`
--
ALTER TABLE `migrations`
  MODIFY `id` int(10) UNSIGNED NOT NULL AUTO_INCREMENT, AUTO_INCREMENT=19;

--
-- AUTO_INCREMENT for table `orders`
--
ALTER TABLE `orders`
  MODIFY `id` bigint(20) UNSIGNED NOT NULL AUTO_INCREMENT, AUTO_INCREMENT=23;

--
-- AUTO_INCREMENT for table `order_items`
--
ALTER TABLE `order_items`
  MODIFY `id` bigint(20) UNSIGNED NOT NULL AUTO_INCREMENT, AUTO_INCREMENT=78;

--
-- AUTO_INCREMENT for table `permissions`
--
ALTER TABLE `permissions`
  MODIFY `id` bigint(20) UNSIGNED NOT NULL AUTO_INCREMENT, AUTO_INCREMENT=132;

--
-- AUTO_INCREMENT for table `personal_access_tokens`
--
ALTER TABLE `personal_access_tokens`
  MODIFY `id` bigint(20) UNSIGNED NOT NULL AUTO_INCREMENT;

--
-- AUTO_INCREMENT for table `products`
--
ALTER TABLE `products`
  MODIFY `id` bigint(20) UNSIGNED NOT NULL AUTO_INCREMENT, AUTO_INCREMENT=70;

--
-- AUTO_INCREMENT for table `product_measurement_units`
--
ALTER TABLE `product_measurement_units`
  MODIFY `id` bigint(20) UNSIGNED NOT NULL AUTO_INCREMENT, AUTO_INCREMENT=99;

--
-- AUTO_INCREMENT for table `roles`
--
ALTER TABLE `roles`
  MODIFY `id` bigint(20) UNSIGNED NOT NULL AUTO_INCREMENT, AUTO_INCREMENT=5;

--
-- AUTO_INCREMENT for table `users`
--
ALTER TABLE `users`
  MODIFY `id` bigint(20) UNSIGNED NOT NULL AUTO_INCREMENT, AUTO_INCREMENT=22;

--
-- AUTO_INCREMENT for table `vehicle_details`
--
ALTER TABLE `vehicle_details`
  MODIFY `id` bigint(20) UNSIGNED NOT NULL AUTO_INCREMENT, AUTO_INCREMENT=6;

--
-- Constraints for dumped tables
--

--
-- Constraints for table `addresses`
--
ALTER TABLE `addresses`
  ADD CONSTRAINT `addresses_user_id_foreign` FOREIGN KEY (`user_id`) REFERENCES `users` (`id`) ON DELETE CASCADE;

--
-- Constraints for table `alternative_products`
--
ALTER TABLE `alternative_products`
  ADD CONSTRAINT `alternative_products_alternativ_product_id_foreign` FOREIGN KEY (`alternativ_product_id`) REFERENCES `products` (`id`),
  ADD CONSTRAINT `alternative_products_product_id_foreign` FOREIGN KEY (`product_id`) REFERENCES `products` (`id`);

--
-- Constraints for table `articles`
--
ALTER TABLE `articles`
  ADD CONSTRAINT `articles_user_id_foreign` FOREIGN KEY (`user_id`) REFERENCES `users` (`id`);

--
-- Constraints for table `categories`
--
ALTER TABLE `categories`
  ADD CONSTRAINT `categories_parent_id_foreign` FOREIGN KEY (`parent_id`) REFERENCES `categories` (`id`) ON DELETE CASCADE;

--
-- Constraints for table `model_has_permissions`
--
ALTER TABLE `model_has_permissions`
  ADD CONSTRAINT `model_has_permissions_permission_id_foreign` FOREIGN KEY (`permission_id`) REFERENCES `permissions` (`id`) ON DELETE CASCADE;

--
-- Constraints for table `model_has_roles`
--
ALTER TABLE `model_has_roles`
  ADD CONSTRAINT `model_has_roles_role_id_foreign` FOREIGN KEY (`role_id`) REFERENCES `roles` (`id`) ON DELETE CASCADE;

--
-- Constraints for table `orders`
--
ALTER TABLE `orders`
  ADD CONSTRAINT `orders_address_id_foreign` FOREIGN KEY (`address_id`) REFERENCES `addresses` (`id`),
  ADD CONSTRAINT `orders_client_id_foreign` FOREIGN KEY (`client_id`) REFERENCES `users` (`id`),
  ADD CONSTRAINT `orders_delivery_id_foreign` FOREIGN KEY (`delivery_id`) REFERENCES `users` (`id`);

--
-- Constraints for table `order_items`
--
ALTER TABLE `order_items`
  ADD CONSTRAINT `order_items_measurement_units_id_foreign` FOREIGN KEY (`measurement_units_id`) REFERENCES `measruing_units` (`id`),
  ADD CONSTRAINT `order_items_order_id_foreign` FOREIGN KEY (`order_id`) REFERENCES `orders` (`id`),
  ADD CONSTRAINT `order_items_product_id_foreign` FOREIGN KEY (`product_id`) REFERENCES `products` (`id`);

--
-- Constraints for table `permission_role`
--
ALTER TABLE `permission_role`
  ADD CONSTRAINT `permission_role_permission_id_foreign` FOREIGN KEY (`permission_id`) REFERENCES `permissions` (`id`) ON DELETE CASCADE ON UPDATE CASCADE,
  ADD CONSTRAINT `permission_role_role_id_foreign` FOREIGN KEY (`role_id`) REFERENCES `roles` (`id`) ON DELETE CASCADE ON UPDATE CASCADE;

--
-- Constraints for table `permission_user`
--
ALTER TABLE `permission_user`
  ADD CONSTRAINT `permission_user_permission_id_foreign` FOREIGN KEY (`permission_id`) REFERENCES `permissions` (`id`) ON DELETE CASCADE ON UPDATE CASCADE;

--
-- Constraints for table `products`
--
ALTER TABLE `products`
  ADD CONSTRAINT `products_category_id_foreign` FOREIGN KEY (`category_id`) REFERENCES `categories` (`id`) ON DELETE CASCADE;

--
-- Constraints for table `product_measurement_units`
--
ALTER TABLE `product_measurement_units`
  ADD CONSTRAINT `product_measurement_units_measurement_units_id_foreign` FOREIGN KEY (`measurement_units_id`) REFERENCES `measruing_units` (`id`),
  ADD CONSTRAINT `product_measurement_units_product_id_foreign` FOREIGN KEY (`product_id`) REFERENCES `products` (`id`);

--
-- Constraints for table `role_has_permissions`
--
ALTER TABLE `role_has_permissions`
  ADD CONSTRAINT `role_has_permissions_permission_id_foreign` FOREIGN KEY (`permission_id`) REFERENCES `permissions` (`id`) ON DELETE CASCADE,
  ADD CONSTRAINT `role_has_permissions_role_id_foreign` FOREIGN KEY (`role_id`) REFERENCES `roles` (`id`) ON DELETE CASCADE;

--
-- Constraints for table `role_user`
--
ALTER TABLE `role_user`
  ADD CONSTRAINT `role_user_role_id_foreign` FOREIGN KEY (`role_id`) REFERENCES `roles` (`id`) ON DELETE CASCADE ON UPDATE CASCADE;

--
-- Constraints for table `vehicle_details`
--
ALTER TABLE `vehicle_details`
  ADD CONSTRAINT `vehicle_details_delivery_id_foreign` FOREIGN KEY (`delivery_id`) REFERENCES `users` (`id`);
COMMIT;

/*!40101 SET CHARACTER_SET_CLIENT=@OLD_CHARACTER_SET_CLIENT */;
/*!40101 SET CHARACTER_SET_RESULTS=@OLD_CHARACTER_SET_RESULTS */;
/*!40101 SET COLLATION_CONNECTION=@OLD_COLLATION_CONNECTION */;
